Workbook
Name Controller_List: OFFSET('[1]Room Schedule'!$BC$1,0,0,COUNTA('[1]Room Schedule'!$BC$1:$BC$65536),1)
Name export_5: 'Rapid Archive Schedule'!#REF!

Sheet Rapid Archive Schedule
A1: RAC-4096 | B1: RAC-4112 | C1: RAC-4128 | D1: RAC-4144 | E1: RAC-4160 | F1: RAC-4166 | G1: RAC-4170 | H1: RAC-4176 | I1: RAC-4192 | J1: RAC-4208 | K1: RAC-4224 | L1: RAC-4240 | M1: RAC-4256 | N1: RAC-4272 | O1: RAC-4288 | P1: RAC-4304 | Q1: RAC-4311 | R1: RAC-4320 | S1: RAC-4336 | T1: RAC-4352 | U1: RAC-4368 | V1: RAC-4384 | W1: RAC-4400 | X1: RAC-4416 | Y1: RAC-4432 | Z1: RAC-4448
A2: v3
A3: Space Information | D3: Network / Equipment Tree Information | J3: Network Information (MSTP and IP) | X3: Definitions and Templates | Z3: Parameters
A4: Site/Building/Floor (Required) | B4: Room Number (Optional) | C4: Leaf Space (e.g. Room) (Required) | D4: Device Name (Required) | E4: Device FQR Reference (Required) | F4: Device Description (Optional) | G4: Equipment Name (Required) | H4: Served By Equipment Name (Optional) | I4: Controller Part # (Optional) | J4: Engine Name (Required) | K4: Trunk Name (Required) | L4: Controller Host Name (Future) | M4: JCI MAC Address | N4: IP Controller Number | O4: ZIGBEE PAN Offset | P4: Instance # (BACoid) | Q4: N2Address | R4: DHCP Enabled | S4: IP Address | T4: Subnet Mask | U4: IP Router | V4: ETH-1 (Optional) | W4: ETH-2 (Optional) | X4: Equipment Definition Name | Y4: Controller Template Name
D5: Attribute ID
D6: Attribute Type

Sheet Column Descriptions
A1: Rows 1 and 2 New at Release 13 | B1: - Row 1 contains "column codes" that are used by the SCT Import / Merge process to identify the source of data from the RAC Worksheet. - These new "column codes" allow you to insert user defined columns anywhere in the RAC worksheets without effecting the import / merge interactions between a worksheet and the SCT RAC view. - Note that and Export from SCT into a RAC Spreadsheet must be executed into a worksheet that has not been altered (still some discussion on how this workflow should happen - Column 2 contains the version # of the RAC Workbook. Potential Video Link showing ideas for adding columns and working with the RAC Spreadsheet
A3: Group | B3: Column Heading | C3: RAC Use | D3: New Site Process Description and Notes - SCT RAC View in Edit Mode for Import Process from RAC Spreadsheet (Video Link) | E3: Modify Site Process Description and Notes - SCT RAC View without Edit Mode enabled to Export into RAC Spreadsheet (Video Link) | F3: Summary of Changes at SCT 13
A4: Space Information | B4: Site/Building/Floor | C4: Yes | D4: - Enter the Spaces Tree hierarchy that precedes the Leaf Space column to auto create the Spaces Tree. For Example, BE Headquarters/Campus 507/Building 9/Floor 2 creates a four space parent hierarchy of BE Headquarters, Campus 507, Building 9, Floor 2 before the Leaf Space is appended. - Note that the / is used as the delimiter between the Spaces - See the "New Site Examples" worksheet for best practices on setting up Space and Equipment Relationships. | E4: - The basic Site/Building/Floor information could be roughed in as a starting point for the Modify Process. During the Merge Process from the RAC Spreadsheet, the Site / Building / Floor information can be entered into the spreadsheet but it will not be re-created during the merge. | F4: None
B5: Room Number | C5: Reference Only | D5: - The Room Number is provided as a reference for Room leaf spaces based on information typically found on the mechanical prints during the creation of a new site. - Note: The updated "Facility Menu" Item in SCT allows you to export the complete Spaces Tree into a spreadsheet. The official Space labels can be added in the spreadsheet and merged back into the Spaces Tree. Link to Video Example of Editing Spaces Tree | E5: This column would typically not be used when adding Spaces and Equipment to an existing archive. | F5: New workflow process to re-label Space Names using the Update Object Label feature.
B6: Leaf Space (e.g. Room) | C6: Yes | D6: - Enter the Leaf Space associated to the Site/Building/Floor hierarchy that is associated to the Equipment being created for the leaf space. - See the "New Site Examples" worksheet for how terminal unit, AHU and plant equipment schedules Space and Equipment relationships are created against the Leaf Space. - Note: The data populated in this column is added to the field contollers description attribute during the creation of a new Site for MUI. - Note: The updated Facility Menu Item in SCT allows you to export all the Space Labels into a spreadsheet. With this new feature, Space labels can be added in the spreadsheet and quickly merged into the Space Tree. This allows you to start a new project with the Mechanical print Room Numbers as the Leaf Space and use the Update Object Labels feature to quickly update all the space names once the end customer has created their official naming strategy. Link to Video Example of Editing Spaces Tree | E6: - During the process of exporting an Engine into the RAC Spreadsheet, all the Space information can be entered and merged back into the Rapid Archive SCT view. | F6: New workflow process to re-label Space Names using the Update Object Label feature.
A7: All Items / Equipment Tree Information | B7: Device Name | C7: Yes | D7: - At Release 13, this entry now creates only the Device Name in the All Items / Network Trees. - A seperate Equipment Name column entry has been added to the RAC spreadsheet so that unique labels can be created for the Devices in the All Items Tree and the Equipment in SCT's Equipment tab and the MUI Equipment Name. - Under the updated Facility Menu Item in SCT, the Update Object Labels feature allows you to export all the Device Labels into a spreadsheet and update any Device Names before a merge of the Device Names is applied. Link to Video Example of Editing Device Labels and Device Desriptions | E7: - At Release 13, the Export function from SCT RAC to the RAC Spreadsheet will poplulate the Device Names. - You can add an Equipment Name in the new column added at Release 13. - Under the updated Facility Menu Item in SCT, the Update Object Labels feature allows you to export all the Device Labels into a spreadsheet and update any Device Names before a merge of the Device Names is applied. Link to Video Example of Editing Device Labels and Device Descriptions | F7: New - the Device and Equipment Name are unique at Release 13
B8: Device FQR Reference | C8: Yes | D8: - Enter the Controller's FQR as you want it to appear in the SCT and SMP UI and tool tips. - This column populates the Item Reference name with the fully qualified reference in the Rapid Archive Wizard. | E8: - At Release 13, the Export function from SCT RAC to the RAC Spreadsheet will poplulate the Device FQR Reference. | F8: New - this used to say Device and Equipment FQR
B9: Device Description | C9: Yes | D9: - This column has been added at Release 13 - For new jobs, the RAC process will add Descriptions to the Device. | E9: - This column has been added at Release 13 - The Descriptions from the devices will be exported into the RAC sheet for use as a reference | F9: New at Release 13
B10: Equipment Name | C10: Yes | D10: - This column has been added at Release 13 - You can now create unique Device Names and Equipment Names during the RAC process. | E10: - This column has been added at Release 13 - You can now create unique Device Names and Equipment Names during the RAC process. | F10: New - the Device and Equipment Name are unique at Release 13
B11: Served By Equipment Name | C11: Yes (Optional) | D11: - Enter the exact name of the pre-existing equipment that serves downstream equipment (e.g. the equipment name for an AHU serving a VAV Box) - This column populates the Served By relationship in the SCT Rapid Archive Wizard. - This serving equipment name(s) must already be created in the Equipment Tree of the SCT archive or the serving relationship is not created through the Rapid Archive Wizard process. | E11: - Enter the exact name of the pre-existing equipment that serves downstream equipment (e.g. the equipment name for an AHU serving a VAV Box) - This column populates the Served By relationship in the Rapid Archive Wizard. - This serving equipment name(s) must already be created in the Equipment Tree of the SCT archive or the serving relationship is not created through the Rapid Archive Wizard process. | F11: New - Multiple Served by Equipment Names can be entered with a $$ delimiter
B12: Controller Part # | C12: Reference Only | D12: - The Controller Part # column is provided as a local reference that does not populate any columns in the Rapid Archive Wizard. | E12: - The Controller Part # column is provided as a local reference that does not populate any columns in the Rapid Archive Wizard.
A13: Network Information (MSTP and IP) | B13: Engine Name | C13: Yes | D13: - Enter the parent NAE name exactly as it appears in the All Items Tree in SCT. - The parent NAE to your controller must already be created in the SCT archive before the Rapid Archive Wizard process is run. | E13: - The Engine Name will be exported to the RAC spreadsheet
B14: Trunk Name | C14: Yes | D14: - Enter the Trunk Name(s) of the integrations under the Engine Names. - The trunk for your controller must already be created in All Items Tree of the SCT Archive under the desired Engine or the integration relationship will not be created through the Rapid Archive Wizard. - For MSTP Trunks, remember to set the Trunk Number in the Hardware Tab of the MSTP Integration when the trunk is initially created. The Rapid Archive Wizard supports both hardware and remote field bus assignments. MSTP trunks will also have their own JCI MAC Address column per device that needs to be populated. - For IP Trunks, you can only create and name one IP integration per engine. IP trunks will also have their own IP Controller Number column per device that needs to be populated. | E14: - The Trunk Name or Names will be exported to the RAC spreadsheet - Note that N2 Integrations are shown in the exported data - When working in the RAC Spreadsheet with the exported data, this column is a good column to filter on when adding data to the other fields. | F14: N2 Integrations are exported
B15: Controller Host Name (Future) | C15: Reference Only | D15: - The Controller Host Name column is provided as a local reference that does not populate any columns in the Rapid Archive Wizard. | E15: - The Controller Host Name column is provided as a local reference that does not populate any columns in the Rapid Archive Wizard.
B16: JCI MAC Address | C16: Yes (Unique for MSTP Integrations) | D16: - The JCI MAC Address is the 8 position dip switch setting on the MSTP controllers or the Rotary switch settings on the Release 10 Field Controllers.. - The uniqueness of the MAC addresses per MSTP integration will be validated during the import into the Rapid Archive Wizard. | E16: - The JCI MAC Address is exported to the RAC spreadsheet | F16: At Release 10, all MSTP field controllers use rotary switches to set the JCI MAC address instead of the 8 position dip switch.
B17: IP Controller Number | C17: Yes (Unique for IP Integrations) | D17: - The Controller Number is the combined value of the rotary switches on the IP Field Controllers - The uniqueness of the Controller Numbers per IP Integration will be validated by the during the import into Rapid Archive Wizard. | E17: - The Controller Number is exported to the RAC spreadsheet
B18: ZigBee PANs Offset | C18: Reference Only | D18: - The ZigBee PANs Offset column is provided as a local reference column for users configuring a WNC mesh and does not populate any columns in the Rapid Archive Wizard. - The WNC integration is setup as a Remote Field Bus integration | E18: - Since this is a reference field only, nothing is exported into the RAC spreadsheet
B19: Instance Number (BACoid) | C19: Yes (Optional) | D19: - It is recommended to leave this column blank. During the RAC import process, unique instance numbers will be automatically be created that are unique to the site archive you are working in. - When this column is populated, the RAC import process only validates Instance Number uniqueness for the new devices being added - not against devices that already exist in the archive. - This column populates the Instance Number column in the Rapid Archive Wizard. | E19: - The Instance Number is exported to the RAC spreadsheet
B20: N2 Address | C20: Yes - Only on Export | D20: - Not used in New Site Creation | E20: - The Export process will add the N2 address for the N2 Integrations | F20: new at Release 13
B21: DHCP Enabled | C21: Yes (Unique for IP Integrations) | D21: - Enter True or False to enable or disable DHCP for each IP controller. - When set to True, the IP Address, Subnet Mask and IP Router columns column can be left blank. - When set to False, the IP Address, Subnet Mask and IP Router columns in the RAC Spreadsheet must be populated. | E21: - This value is exported to the RAC spreadsheet
B22: IP Address | C22: Yes (Only when DHCP Enabled = False) | D22: - When DHCP Enabled is set to True, this column can be blank. - When DHCP Enabled is set to False, the IP Address, Subnet Mask and IP Router columns in the RAC Spreadsheet must be populated. | E22: - This value is exported to the RAC spreadsheet
B23: Subnet Mask | C23: Yes (Only when DHCP Enabled = False) | D23: - When DHCP Enabled is set to True, this column can be blank. - When DHCP Enabled is set to False, the IP Address, Subnet Mask and IP Router columns in the RAC Spreadsheet must be populated. | E23: - This value is exported to the RAC spreadsheet
B24: IP Router | C24: Yes (Only when DHCP Enabled = False) | D24: - When DHCP Enabled is set to True, this column can be blank. - When DHCP Enabled is set to False, the IP Address, Subnet Mask and IP Router columns in the RAC Spreadsheet must be populated. | E24: - This value is exported to the RAC spreadsheet
B25: ETH-1 | C25: Reference Only | D25: - The ETH-1 Column is provided as a reference to show how the IP trunk cabling connections are made. If a daisy chain network is created, the ETH-1 and EHT-2 columns can be used to show how the daisy chain was created. | E25: - Since this is a reference field only, nothing is exported into the RAC spreadsheet
B26: ETH-2 | C26: Reference Only | D26: - The ETH-1 Column is provided as a reference to show how the IP trunk cabling connections are made. If a daisy chain network is created, the ETH-1 and EHT-2 columns can be used to show how the daisy chain was created. | E26: - Since this is a reference field only, nothing is exported into the RAC spreadsheet
A27: Definitions and Templates | B27: Equipment Definition Name | C27: Reference Only in New Site Creation Required when updating existing sites with Spaces and Equipment | D27: - This is an optional / reference field for the new Site Process - The Equipment Definitions must be entered in SCT Equipment Folder and be referenced in a Controller Template prior to executing the Rapid Archive Wizard. The Equipment Definition creates the Equipment Instances in the SCT Equipment tab when the Rapid Archive Wizard is saved. Other Tips - It is recommended that one Equipment Definition be used to create all the Equipment Instances of the same general type. For example, one Single Duct VAV Box Equipment Definition could be created for Single Duct VAV Boxes that are cooling only, cooling with reheat or fan powered. - Under the Facility Menu Item, the new Prepare Rapid Archive process allows you to quickly start the workflow to create a Controller Template from a caf file and build an associated Equipment Definition from the Controller Template - Note that an Equipment Definition can be quickly created from a Controller Template at Release 13 (right cliek menu item on the controller template) | E27: - This is a required field in the RAC Spreadsheet once the export has been made - The Equipment Definitions must be entered in the SCT Equipment Folder before the merge process is initated. | F27: New Workflows to quickly create an Equipment Defintion from a Controller Template Link to future Videos that show the updates to updated workflows
B28: Controller Template Name | C28: Required in New Site Creation Not Required when updating existing sites with Spaces and Equipment | D28: - This is a required field in the RAC Spreadsheet - The Controller Template also needs to include the reference to the associated Equipment Definition. - Enter the Controller Template name as displayed in the SCT UI. - This column populates the Controller Template column in the SCT Rapid Archive View. - Only Controller Templates with a Equipment Definitions reference will create Equipment Instances. - The Controller Templates for a site's archive need to be defined and added to the archive before the RAC Schedule is imported. - Remember to setup the Point Name Display attributes in the Controller Template to match the desired Point Naming strategy for your site. - The Metasys Field Controllers, the Controller Template should also include the extention to the caf Resource file used to build the points in the Template. Once the RAC Process is run, all the field devices created from the controller template will include a caf resource file that has the Updated Parameters in the columns following the Controller Template Name. | E28: - This field is not used at all in the RAC Spreadsheet during a Modify Site Process | F28: New Workflows to quickly create an Equipment Defintion from a Controller Template Link to future Videos that show the updates to updated workflows
A29: Parameters | B29: See Parameter Worksheet Examples | C29: Yes (Optional) | D29: Example Parameter Sheets are provided as part of this spreadsheet. The example heading data provided in these worksheets can be copied into your master or scratchpad worksheets next to the Controller Template Name column. The examples provided are for VAV Box parameters like Box Areas, k-factors and CFM setpoints. The parameter sheet values can be created from the CCT Trunk Utility Template Files. | E29: The Parameters feature is not used during the Modify Site Process.

Sheet J.R. Instructions
A1: RAC-4096 | B1: RAC-4112 | C1: RAC-4128 | D1: RAC-4144 | E1: RAC-4160 | F1: RAC-4166 | G1: RAC-4170 | I1: RAC-4176 | K1: RAC-4192 | L1: RAC-4208 | M1: RAC-4224 | N1: RAC-4240 | O1: RAC-4256 | P1: RAC-4272 | Q1: RAC-4288 | R1: RAC-4304 | S1: RAC-4311 | T1: RAC-4320 | U1: RAC-4336 | V1: RAC-4352 | W1: RAC-4368 | X1: RAC-4384 | Y1: RAC-4400 | Z1: RAC-4416 | AA1: RAC-4432 | AC1: RAC-4448
A2: v3
A3: Space Information | D3: Network / Equipment Tree Information | L3: Network Information (MSTP and IP) | Z3: Definitions and Templates | AB3: Sensor | AC3: Parameters
A4: Site/Building/Floor (Required) | B4: Room Number (Optional) | C4: Leaf Space (e.g. Room) (Required) | D4: Device Name (Required) | E4: Device FQR Reference (Required) | F4: Device Description (Optional) | G4: Equipment Name (Required) | H4: Mechanical Drawing | I4: Served By Equipment Name (Optional) | J4: JCI Ctrl Dwg No. | K4: Controller Part # (Optional) | L4: Engine Name (Required) | M4: Trunk Name (Required) | N4: Controller Host Name (Future) | O4: JCI MAC Address | P4: IP Controller Number | Q4: ZIGBEE PAN Offset | R4: Instance # (BACoid) | S4: N2Address | T4: DHCP Enabled | U4: IP Address | V4: Subnet Mask | W4: IP Router | X4: ETH-1 (Optional) | Y4: ETH-2 (Optional) | Z4: Equipment Definition Name (Optional) | AA4: Controller Template Name (Required) | AB4: Code No | AC4: Box Heat | AD4: Supplemental Heat | AE4: Inlet Size (inches) | AF4: SA-AREA | AG4: SA-KFACTOR | AH4: CLG-MAXFLOW | AI4: CLGOCC-MINFLOW | AJ4: HTGOCC-MAXFLOW | AK4: HTGOCC-MINFLOW | AL4: Comments
D5: Attribute ID | AF5: AV3111 | AG5: AV3112 | AH5: AV3108 | AI5: AV3109 | AK5: AV3110
D6: Attribute Type | AF6: Default Value | AG6: Default Value | AH6: Default Value | AI6: Default Value | AJ6: Default Value | AK6: Default Value
A7: Template Instructions - This Template is based v3 of the RAC Schedule Master. When a Master is issued, a new Template should be generated using the new Master. Insert the required columns, update the equations as needed - This Template is setup for Hardware engineering to be a starting place for Software engineering. Some of the fields are specific to Software and have no impact on Hardware but can be used to setup Software for success - The equations for Device Name, Device FQR Reference, and Device Description are based off a specific customer's standard. Adapt the equations as needed to meet the project customer's standards - For information on the functions used, refer to Microsoft Help or O365 training - Comments on each cell help explain the specific use and updating requirements of the information in the cells | E7: 1. Copy the Manufacturer sheet from this workbook to the project RAC Schedule 2. Copy the columns from New Empty Scratchpad which get added to the RAC Schedule and paste them in the proper locations 3. Copy the formulas from this page to the New Empty Scratchpad in the project RAC Schedule. 4. Paste the functions (only the functions) in the first row used for the schedule data. 5. Choose the Manufacturer for the boxes and complete the table as noted below.
A8: Plant Systems | G8: .
A9: MPL | C9: MillRd | D9: =_xlfn.CONCAT("MRs-",G9) -> MRs-HWS | E9: =_xlfn.CONCAT(RIGHT(L9,2),RIGHT(M9,1),MID(K9,4,2),"0",RIGHT(R9,2)) -> 031CG004 | F9: =_xlfn.CONCAT(D9," - ",C9,IF(ISBLANK(B9),"",_xlfn.CONCAT(" Rm ",B9))) -> MRs-HWS - MillRd | G9: HWS | H9: M3.1 | J9: 01.01.01 | K9: M4-CGM04060-0 | L9: S3-SNE03 | M9: FC-1 | O9: 4 | R9: =1003100+O9 -> 1003104
A10: Air Systems
A11: MPL/MillRd | C11: Floor 1 | D11: =_xlfn.CONCAT("MR-",G11) -> MR-AHU-1 | E11: =_xlfn.CONCAT(RIGHT(L11,2),RIGHT(M11,1),MID(K11,4,2),"0",RIGHT(R11,2)) -> 031CG005 | F11: =_xlfn.CONCAT(D11," - ",C11,IF(ISBLANK(B11),"",_xlfn.CONCAT(" Rm ",B11))) -> MR-AHU-1 - Floor 1 | G11: AHU-1 | H11: M2.1 | I11: HWS,CHWS | J11: 02.01.01 | K11: M4-CGM09090-0 | L11: S3-SNE03 | M11: FC-1 | O11: 5 | R11: =1003100+O11 -> 1003105
A12: Terminal Systems
A13: MPL/MillRd/Floor 1 | B13: 150A | C13: Public Vestibule | D13: =_xlfn.CONCAT("MR-",G13) -> MR-VAV-1 | E13: =_xlfn.CONCAT(RIGHT(L13,2),RIGHT(M13,1),MID(K13,4,2),"0",RIGHT(R13,2)) -> 031CV006 | F13: =_xlfn.CONCAT(D13," - ",C13,IF(ISBLANK(B13),"",_xlfn.CONCAT(" Rm ",B13))) -> MR-VAV-1 - Public Vestibule Rm 150A | G13: VAV-1 | H13: M2.1 | I13: AHU-1, HWS | J13: 03.02.01 | K13: M4-CVM03050-0 | L13: S3-SNE03 | M13: FC-1 | O13: 6 | R13: =1003100+O13 -> 1003106 | Z13: VAV | AA13: VAV-RH | AB13: NSB8BTN245-0 | AC13: =IF(AND(NOT(ISBLANK(AA13)),NOT(EXACT(AA13,"VAV-CLG"))),TRUE,FALSE) -> TRUE | AD13: =IF(EXACT(AA13,"VAV-RAD"),TRUE,FALSE) -> FALSE | AE13: 4 | AF13: =VLOOKUP($AE13,Manufacturer!$B$2:$E$22,3) -> 0.09 | AG13: =VLOOKUP($AE13,Manufacturer!$B$2:$E$22,4) -> 1.63 | AH13: 100 | AI13: 100 | AJ13: 100 | AK13: 100
A14: MPL/MillRd/Floor 1 | B14: 150A | C14: Public Vestibule | D14: =_xlfn.CONCAT("MR-",G14) -> MR-VAV-1 | E14: =_xlfn.CONCAT(RIGHT(L14,2),RIGHT(M14,1),MID(K14,4,2),"0",RIGHT(R14,2)) -> 031CV007 | F14: =_xlfn.CONCAT(D14," - ",C14,IF(ISBLANK(B14),"",_xlfn.CONCAT(" Rm ",B14))) -> MR-VAV-1 - Public Vestibule Rm 150A | G14: VAV-1 | H14: M2.1 | I14: AHU-1, HWS | J14: 03.02.01 | K14: M4-CVM03050-0 | L14: S3-SNE03 | M14: FC-1 | O14: 7 | R14: =1003100+O14 -> 1003107 | Z14: VAV | AA14: VAV-CLG | AB14: NSB8BTN245-0 | AC14: =IF(AND(NOT(ISBLANK(AA14)),NOT(EXACT(AA14,"VAV-CLG"))),TRUE,FALSE) -> FALSE | AD14: =IF(EXACT(AA14,"VAV-RAD"),TRUE,FALSE) -> FALSE | AE14: 8 | AF14: =VLOOKUP($AE14,Manufacturer!$B$2:$E$22,3) -> 0.35 | AG14: =VLOOKUP($AE14,Manufacturer!$B$2:$E$22,4) -> 2.39 | AH14: 525 | AI14: 525
A15: MPL/MillRd/Floor 1 | B15: 150A | C15: Public Vestibule | D15: =_xlfn.CONCAT("MR-",G15) -> MR-VAV-1 | E15: =_xlfn.CONCAT(RIGHT(L15,2),RIGHT(M15,1),MID(K15,4,2),"0",RIGHT(R15,2)) -> 031CV008 | F15: =_xlfn.CONCAT(D15," - ",C15,IF(ISBLANK(B15),"",_xlfn.CONCAT(" Rm ",B15))) -> MR-VAV-1 - Public Vestibule Rm 150A | G15: VAV-1 | H15: M2.1 | I15: AHU-1, HWS | J15: 03.02.01 | K15: M4-CVM03050-0 | L15: S3-SNE03 | M15: FC-1 | O15: 8 | R15: =1003100+O15 -> 1003108 | Z15: VAV | AA15: VAV-RAD | AB15: NSB8BTN245-0 | AC15: =IF(AND(NOT(ISBLANK(AA15)),NOT(EXACT(AA15,"VAV-CLG"))),TRUE,FALSE) -> TRUE | AD15: =IF(EXACT(AA15,"VAV-RAD"),TRUE,FALSE) -> TRUE | AE15: 4 | AF15: =VLOOKUP($AE15,Manufacturer!$B$2:$E$22,3) -> 0.09 | AG15: =VLOOKUP($AE15,Manufacturer!$B$2:$E$22,4) -> 1.63 | AH15: 100 | AI15: 30 | AJ15: 65 | AK15: 30
A16: MPL/MillRd/Floor 1 | B16: 150A | C16: Public Vestibule | D16: =_xlfn.CONCAT("MR-",G16) -> MR-VAV-1 | E16: =_xlfn.CONCAT(RIGHT(L16,2),RIGHT(M16,1),MID(K16,4,2),"0",RIGHT(R16,2)) -> 031CV009 | F16: =_xlfn.CONCAT(D16," - ",C16,IF(ISBLANK(B16),"",_xlfn.CONCAT(" Rm ",B16))) -> MR-VAV-1 - Public Vestibule Rm 150A | G16: VAV-1 | H16: M2.1 | I16: AHU-1, HWS | J16: 03.02.01 | K16: M4-CVM03050-0 | L16: S3-SNE03 | M16: FC-1 | O16: 9 | R16: =1003100+O16 -> 1003109 | Z16: VAV | AA16: VAV-RAD | AB16: NSB8BTN245-0 | AC16: =IF(AND(NOT(ISBLANK(AA16)),NOT(EXACT(AA16,"VAV-CLG"))),TRUE,FALSE) -> TRUE | AD16: =IF(EXACT(AA16,"VAV-RAD"),TRUE,FALSE) -> TRUE | AE16: 10 | AF16: =VLOOKUP($AE16,Manufacturer!$B$2:$E$22,3) -> 0.55 | AG16: =VLOOKUP($AE16,Manufacturer!$B$2:$E$22,4) -> 2.31 | AH16: 700 | AI16: 165 | AJ16: 433 | AK16: 165
A17: MPL/MillRd/Floor 1 | B17: 150A | C17: Public Vestibule | D17: =_xlfn.CONCAT("MR-",G17) -> MR-VAV-1 | E17: =_xlfn.CONCAT(RIGHT(L17,2),RIGHT(M17,1),MID(K17,4,2),"0",RIGHT(R17,2)) -> 031CV010 | F17: =_xlfn.CONCAT(D17," - ",C17,IF(ISBLANK(B17),"",_xlfn.CONCAT(" Rm ",B17))) -> MR-VAV-1 - Public Vestibule Rm 150A | G17: VAV-1 | H17: M2.1 | I17: AHU-1, HWS | J17: 03.02.01 | K17: M4-CVM03050-0 | L17: S3-SNE03 | M17: FC-1 | O17: 10 | R17: =1003100+O17 -> 1003110 | Z17: VAV | AA17: VAV-RH | AB17: NSB8BTN245-0 | AC17: =IF(AND(NOT(ISBLANK(AA17)),NOT(EXACT(AA17,"VAV-CLG"))),TRUE,FALSE) -> TRUE | AD17: =IF(EXACT(AA17,"VAV-RAD"),TRUE,FALSE) -> FALSE | AE17: 6 | AF17: =VLOOKUP($AE17,Manufacturer!$B$2:$E$22,3) -> 0.2 | AG17: =VLOOKUP($AE17,Manufacturer!$B$2:$E$22,4) -> 3.07 | AH17: 350 | AI17: 85 | AJ17: 218 | AK17: 85

Sheet Manufacturer
V1: Anemostat | Y1: =F24 -> 5 | Z1: =G24 -> 6
D2: Titus | F2: =VLOOKUP($D$2,$V$1:$Z$17,4) -> 31 | G2: =VLOOKUP($D$2,$V$1:$Z$17,5) -> 32 | V2: Carnes Cross-Flow | Y2: =J24 -> 9 | Z2: =K24 -> 10
D3: If you have an unknown manufacture, or the manufacturre is not listed in this sheet, use the K Factors below. | V3: Carnes Standard | Y3: =H24 -> 7 | Z3: =I24 -> 8
B4: VAV Box Duct Size | D4: Area | E4: Average K Factor | V4: Carrier | Y4: =L24 -> 11 | Z4: =M24 -> 12
B5: 4 | D5: =VLOOKUP($B5,$B$28:$AK$45,$F$2) -> 0.09 | E5: =VLOOKUP($B5,$B$28:$AK$45,$G$2) -> 1.63 | V5: EH Price | Y5: =N24 -> 13 | Z5: =O24 -> 14
B6: 5 | D6: =VLOOKUP($B6,$B$28:$AK$45,$F$2) -> 0.14 | E6: =VLOOKUP($B6,$B$28:$AK$45,$G$2) -> 1.95 | V6: Enviromental Tech 45 (Largo) | Y6: =P24 -> 15 | Z6: =Q24 -> 16
B7: 6 | D7: =VLOOKUP($B7,$B$28:$AK$45,$F$2) -> 0.2 | E7: =VLOOKUP($B7,$B$28:$AK$45,$G$2) -> 3.07 | V7: Enviromental Tech 90 (Largo) | Y7: =R24 -> 17 | Z7: =S24 -> 18
B8: 7 | D8: =VLOOKUP($B8,$B$28:$AK$45,$F$2) -> 0.27 | E8: =VLOOKUP($B8,$B$28:$AK$45,$G$2) -> 2.57 | V8: Generic (Unknown) | Y8: =D24 -> 3 | Z8: =E24 -> 4
B9: 8 | D9: =VLOOKUP($B9,$B$28:$AK$45,$F$2) -> 0.35 | E9: =VLOOKUP($B9,$B$28:$AK$45,$G$2) -> 2.39 | V9: Krueger | Y9: =T24 -> 19 | Z9: =U24 -> 20
B10: 9 | D10: =VLOOKUP($B10,$B$28:$AK$45,$F$2) -> 0.44 | E10: =VLOOKUP($B10,$B$28:$AK$45,$G$2) -> 2.3 | V10: Metal Industries | Y10: =V24 -> 21 | Z10: =W24 -> 22
B11: 10 | D11: =VLOOKUP($B11,$B$28:$AK$45,$F$2) -> 0.55 | E11: =VLOOKUP($B11,$B$28:$AK$45,$G$2) -> 2.31 | V11: Nailor | Y11: =X24 -> 23 | Z11: =Y24 -> 24
B12: 12 | D12: =VLOOKUP($B12,$B$28:$AK$45,$F$2) -> 0.79 | E12: =VLOOKUP($B12,$B$28:$AK$45,$G$2) -> 2.76 | V12: Redd-i | Y12: =Z24 -> 25 | Z12: =AA24 -> 26
B13: 14 | D13: =VLOOKUP($B13,$B$28:$AK$45,$F$2) -> 1.07 | E13: =VLOOKUP($B13,$B$28:$AK$45,$G$2) -> 2.02 | V13: Temperature Industries | Y13: =AB24 -> 27 | Z13: =AC24 -> 28
B14: 16 | D14: =VLOOKUP($B14,$B$28:$AK$45,$F$2) -> 1.4 | E14: =VLOOKUP($B14,$B$28:$AK$45,$G$2) -> 1.12 | V14: Tempmaster (York) | Y14: =AD24 -> 29 | Z14: =AE24 -> 30
B15: 18 | D15: =VLOOKUP($B15,$B$28:$AK$45,$F$2) -> n/a | E15: =VLOOKUP($B15,$B$28:$AK$45,$G$2) -> n/a | V15: Titus | Y15: =AF24 -> 31 | Z15: =AG24 -> 32
B16: 19 | D16: =VLOOKUP($B16,$B$28:$AK$45,$F$2) -> n/a | E16: =VLOOKUP($B16,$B$28:$AK$45,$G$2) -> n/a | V16: Tuttle and Bailey | Y16: =AH24 -> 33 | Z16: =AI24 -> 34
B17: 20 | D17: =VLOOKUP($B17,$B$28:$AK$45,$F$2) -> 0.78 | E17: =VLOOKUP($B17,$B$28:$AK$45,$G$2) -> 2.19 | V17: VariTrane F-Style | Y17: =AJ24 -> 35 | Z17: =AK24 -> 36
B18: 22 | D18: =VLOOKUP($B18,$B$28:$AK$45,$F$2) -> 0.78 | E18: =VLOOKUP($B18,$B$28:$AK$45,$G$2) -> 2.19
B19: 24 | D19: =VLOOKUP($B19,$B$28:$AK$45,$F$2) -> n/a | E19: =VLOOKUP($B19,$B$28:$AK$45,$G$2) -> n/a
B20: 26 | D20: =VLOOKUP($B20,$B$28:$AK$45,$F$2) -> 1 | E20: =VLOOKUP($B20,$B$28:$AK$45,$G$2) -> 2.57
B21: 30 | D21: =VLOOKUP($B21,$B$28:$AK$45,$F$2) -> n/a | E21: =VLOOKUP($B21,$B$28:$AK$45,$G$2) -> n/a
B22: 40 | D22: =VLOOKUP($B22,$B$28:$AK$45,$F$2) -> 2.67 | E22: =VLOOKUP($B22,$B$28:$AK$45,$G$2) -> 2.22
D24: 3 | E24: 4 | F24: 5 | G24: 6 | H24: 7 | I24: 8 | J24: 9 | K24: 10 | L24: 11 | M24: 12 | N24: 13 | O24: 14 | P24: 15 | Q24: 16 | R24: 17 | S24: 18 | T24: 19 | U24: 20 | V24: 21 | W24: 22 | X24: 23 | Y24: 24 | Z24: 25 | AA24: 26 | AB24: 27 | AC24: 28 | AD24: 29 | AE24: 30 | AF24: 31 | AG24: 32 | AH24: 33 | AI24: 34 | AJ24: 35 | AK24: 36
D25: Generic If you have an unknown manufacture, or the manufacturre is not listed in this sheet, use the K Factors below. | F25: Anemostat | H25: Carnes Standard | J25: Carnes Cross-Flow | L25: Carrier | N25: EH Price SD/FP/DD Inlet Boxes | P25: Environmental Tech. 45 deg travel (Largo) | R25: EnviroTech 90deg Travel (Largo) | T25: Krueger | V25: Metal Industries | X25: Nailor | Z25: Redd-i | AB25: Temperature Industries | AD25: Tempmaster (York) | AF25: Titus | AH25: Tuttle and Bailey | AJ25: VariTrane F-Style Boxes
B26: VAV Box Duct Size
D27: Area | E27: K Factor | F27: Area | G27: K Factor | H27: Area | I27: K Factor | J27: Area | K27: K Factor | L27: Area | M27: K Factor | N27: Area | O27: K Factor | P27: Area | Q27: K Factor | R27: Area | S27: K Factor | T27: Area | U27: K Factor | V27: Area | W27: K Factor | X27: Area | Y27: K Factor | Z27: Area | AA27: K Factor | AB27: Area | AC27: K Factor | AD27: Area | AE27: K Factor | AF27: Area | AG27: K Factor | AH27: Area | AI27: K Factor | AJ27: Area | AK27: K Factor
B28: 4 | D28: =(PI()*(B28/2)^2)/144 -> 0.087266463 | E28: =SUBTOTAL(1,G28,I28,K28,M28,O28,Q28,S28,U28,W28,Y28,AA28,AC28,AE28,AG28,AI28,AK28) -> 1.9955556 | F28: n/a | G28: n/a | H28: n/a | I28: n/a | J28: n/a | K28: n/a | L28: 0.09 | M28: 2.26 | N28: 0.09 | O28: 1 | P28: 0.09 | Q28: 1.71 | R28: 0.08 | S28: 1.63 | T28: 0.09 | U28: 2.32 | V28: n/a | W28: n/a | X28: 0.09 | Y28: 2.92 | Z28: n/a | AA28: n/a | AB28: n/a | AC28: n/a | AD28: n/a | AE28: n/a | AF28: 0.09 | AG28: 1.63 | AH28: 0.09 | AI28: 2.8 | AJ28: 0.09 | AK28: 1.69
B29: 5 | D29: =(PI()*(B29/2)^2)/144 -> 0.13635385 | E29: =SUBTOTAL(1,G29,I29,K29,M29,O29,Q29,S29,U29,W29,Y29,AA29,AC29,AE29,AG29,AI29,AK29) -> 2.1564286 | F29: 0.13 | G29: 3.28 | H29: 0.13 | I29: 2.42 | J29: 0.13 | K29: 2.42 | L29: 0.14 | M29: 2.26 | N29: 0.14 | O29: 1.47 | P29: 0.14 | Q29: 1.69 | R29: 0.13 | S29: 1.66 | T29: 0.14 | U29: 2.31 | V29: n/a | W29: n/a | X29: 0.14 | Y29: 2.99 | Z29: n/a | AA29: n/a | AB29: 0.14 | AC29: 1.62 | AD29: 0.14 | AE29: 1.62 | AF29: 0.14 | AG29: 1.95 | AH29: 0.14 | AI29: 3 | AJ29: 0.14 | AK29: 1.5
B30: 6 | D30: =(PI()*(B30/2)^2)/144 -> 0.19634954 | E30: =SUBTOTAL(1,G30,I30,K30,M30,O30,Q30,S30,U30,W30,Y30,AA30,AC30,AE30,AG30,AI30,AK30) -> 2.391875 | F30: 0.19 | G30: 2.58 | H30: 0.19 | I30: 2.37 | J30: 0.19 | K30: 2.37 | L30: 0.2 | M30: 2.45 | N30: 0.2 | O30: 2.8 | P30: 0.2 | Q30: 1.67 | R30: 0.18 | S30: 2.9 | T30: 0.2 | U30: 2.32 | V30: 0.18 | W30: 1.5 | X30: 0.2 | Y30: 3.08 | Z30: 0.2 | AA30: 2.39 | AB30: 0.2 | AC30: 1.78 | AD30: 0.2 | AE30: 1.78 | AF30: 0.2 | AG30: 3.07 | AH30: 0.2 | AI30: 2.9 | AJ30: 0.2 | AK30: 2.31
B31: 7 | D31: =(PI()*(B31/2)^2)/144 -> 0.26725354 | E31: =SUBTOTAL(1,G31,I31,K31,M31,O31,Q31,S31,U31,W31,Y31,AA31,AC31,AE31,AG31,AI31,AK31) -> 2.3854545 | F31: 0.26 | G31: 2.85 | H31: 0.26 | I31: 2.4 | J31: 0.26 | K31: 2.4 | L31: 0.27 | M31: 2.27 | N31: 0.27 | O31: 2.34 | P31: n/a | Q31: n/a | R31: n/a | S31: n/a | T31: 0.27 | U31: 2.32 | V31: n/a | W31: n/a | X31: 0.27 | Y31: 2.85 | Z31: n/a | AA31: n/a | AB31: 0.27 | AC31: 1.62 | AD31: 0.27 | AE31: 1.62 | AF31: 0.27 | AG31: 2.57 | AH31: 0.27 | AI31: 3 | AJ31: n/a | AK31: n/a
B32: 8 | D32: =(PI()*(B32/2)^2)/144 -> 0.34906585 | E32: =SUBTOTAL(1,G32,I32,K32,M32,O32,Q32,S32,U32,W32,Y32,AA32,AC32,AE32,AG32,AI32,AK32) -> 2.1875 | F32: 0.34 | G32: 2.44 | H32: 0.34 | I32: 2.2 | J32: 0.34 | K32: 2.2 | L32: 0.35 | M32: 2.27 | N32: 0.35 | O32: 2.24 | P32: 0.35 | Q32: 1.61 | R32: 0.33 | S32: 2.52 | T32: 0.35 | U32: 2.33 | V32: 0.33 | W32: 1.46 | X32: 0.35 | Y32: 2.65 | Z32: 0.35 | AA32: 2.89 | AB32: 0.35 | AC32: 1.36 | AD32: 0.35 | AE32: 1.36 | AF32: 0.35 | AG32: 2.39 | AH32: 0.35 | AI32: 2.9 | AJ32: 0.35 | AK32: 2.18
B33: 9 | D33: =(PI()*(B33/2)^2)/144 -> 0.44178647 | E33: =SUBTOTAL(1,G33,I33,K33,M33,O33,Q33,S33,U33,W33,Y33,AA33,AC33,AE33,AG33,AI33,AK33) -> 2.3 | F33: 0.43 | G33: 2.46 | H33: n/a | I33: n/a | J33: n/a | K33: n/a | L33: 0.44 | M33: 2.27 | N33: 0.44 | O33: 2.21 | P33: n/a | Q33: n/a | R33: n/a | S33: n/a | T33: 0.44 | U33: 2.33 | V33: n/a | W33: n/a | X33: 0.44 | Y33: 2.23 | Z33: n/a | AA33: n/a | AB33: n/a | AC33: n/a | AD33: n/a | AE33: n/a | AF33: 0.44 | AG33: 2.3 | AH33: n/a | AI33: n/a | AJ33: n/a | AK33: n/a
B34: 10 | D34: =(PI()*(B34/2)^2)/144 -> 0.54541539 | E34: =SUBTOTAL(1,G34,I34,K34,M34,O34,Q34,S34,U34,W34,Y34,AA34,AC34,AE34,AG34,AI34,AK34) -> 2.1825 | F34: 0.53 | G34: 2.48 | H34: 0.53 | I34: 2.1 | J34: 0.53 | K34: 2.1 | L34: 0.55 | M34: 2.27 | N34: 0.55 | O34: 1.96 | P34: 0.52 | Q34: 1.63 | R34: 0.53 | S34: 2.41 | T34: 0.55 | U34: 2.32 | V34: 0.52 | W34: 1.52 | X34: 0.55 | Y34: 2.42 | Z34: 0.55 | AA34: 2.98 | AB34: 0.55 | AC34: 1.68 | AD34: 0.55 | AE34: 1.68 | AF34: 0.55 | AG34: 2.31 | AH34: 0.55 | AI34: 3 | AJ34: 0.55 | AK34: 2.06
B35: 12 | D35: =(PI()*(B35/2)^2)/144 -> 0.78539816 | E35: =SUBTOTAL(1,G35,I35,K35,M35,O35,Q35,S35,U35,W35,Y35,AA35,AC35,AE35,AG35,AI35,AK35) -> 2.36375 | F35: 0.77 | G35: 2.92 | H35: 0.77 | I35: 2 | J35: 0.77 | K35: 2 | L35: 0.79 | M35: 2.27 | N35: 0.79 | O35: 2.03 | P35: 0.69 | Q35: 1.61 | R35: 0.76 | S35: 2.38 | T35: 0.79 | U35: 2.32 | V35: 0.76 | W35: 1.48 | X35: 0.79 | Y35: 2.52 | Z35: 0.79 | AA35: 2.79 | AB35: 0.79 | AC35: 2.77 | AD35: 0.79 | AE35: 2.77 | AF35: 0.79 | AG35: 2.76 | AH35: 0.79 | AI35: 3 | AJ35: 0.79 | AK35: 2.2
B36: 14 | D36: =(PI()*(B36/2)^2)/144 -> 1.0690142 | E36: =SUBTOTAL(1,G36,I36,K36,M36,O36,Q36,S36,U36,W36,Y36,AA36,AC36,AE36,AG36,AI36,AK36) -> 2.2575 | F36: 1.05 | G36: 2.9 | H36: 1.05 | I36: 2 | J36: 1.05 | K36: 2 | L36: 1.07 | M36: 2.27 | N36: 1.07 | O36: 1.97 | P36: 0.86 | Q36: 1.59 | R36: 1.04 | S36: 2.29 | T36: 1.07 | U36: 2.33 | V36: 1.04 | W36: 1.69 | X36: 1.07 | Y36: 2.35 | Z36: 1.07 | AA36: 2.65 | AB36: 1.07 | AC36: 2.43 | AD36: 1.07 | AE36: 2.43 | AF36: 1.07 | AG36: 2.02 | AH36: 1.07 | AI36: 3 | AJ36: 1.07 | AK36: 2.2
B37: 16 | D37: =(PI()*(B37/2)^2)/144 -> 1.3962634 | E37: =SUBTOTAL(1,G37,I37,K37,M37,O37,Q37,S37,U37,W37,Y37,AA37,AC37,AE37,AG37,AI37,AK37) -> 2.2 | F37: 1.38 | G37: 2.69 | H37: 1.37 | I37: 1.8 | J37: 1.37 | K37: 1.8 | L37: 1.4 | M37: 2.27 | N37: 1.4 | O37: 1.94 | P37: 1.04 | Q37: 1.61 | R37: 1.36 | S37: 2.29 | T37: 1.4 | U37: 2.33 | V37: 1.36 | W37: 1.54 | X37: 1.4 | Y37: 2.34 | Z37: 1.4 | AA37: 2.51 | AB37: 1.4 | AC37: 2.89 | AD37: 1.4 | AE37: 2.89 | AF37: 1.4 | AG37: 1.12 | AH37: 1.4 | AI37: 3 | AJ37: 1.4 | AK37: 2.18
B38: 18 | D38: =(PI()*(B38/2)^2)/144 -> 1.7671459 | E38: =SUBTOTAL(1,G38,I38,K38,M38,O38,Q38,S38,U38,W38,Y38,AA38,AC38,AE38,AG38,AI38,AK38) -> 2.068 | F38: n/a | G38: n/a | H38: n/a | I38: n/a | J38: n/a | K38: n/a | L38: n/a | M38: n/a | N38: n/a | O38: n/a | P38: 1.21 | Q38: 1.59 | R38: 1.74 | S38: 2.43 | T38: n/a | U38: n/a | V38: n/a | W38: n/a | X38: n/a | Y38: n/a | Z38: n/a | AA38: n/a | AB38: 1.77 | AC38: 1.66 | AD38: 1.77 | AE38: 1.66 | AF38: n/a | AG38: n/a | AH38: 2 | AI38: 3 | AJ38: n/a | AK38: n/a
B39: 19 | D39: =(PI()*(B39/2)^2)/144 -> 1.9689496 | E39: =SUBTOTAL(1,G39,I39,K39,M39,O39,Q39,S39,U39,W39,Y39,AA39,AC39,AE39,AG39,AI39,AK39) -> 2.92 | F39: n/a | G39: n/a | H39: n/a | I39: n/a | J39: n/a | K39: n/a | L39: n/a | M39: n/a | N39: n/a | O39: n/a | P39: n/a | Q39: n/a | R39: 2.72 | S39: 2.92 | T39: n/a | U39: n/a | V39: n/a | W39: n/a | X39: n/a | Y39: n/a | Z39: n/a | AA39: n/a | AB39: n/a | AC39: n/a | AD39: n/a | AE39: n/a | AF39: n/a | AG39: n/a | AH39: n/a | AI39: n/a | AJ39: n/a | AK39: n/a
B40: 20 | D40: =(PI()*(B40/2)^2)/144 -> 2.1816616 | E40: =SUBTOTAL(1,G40,I40,K40,M40,O40,Q40,S40,U40,W40,Y40,AA40,AC40,AE40,AG40,AI40,AK40) -> 1.825 | F40: n/a | G40: n/a | H40: n/a | I40: n/a | J40: n/a | K40: n/a | L40: n/a | M40: n/a | N40: n/a | O40: n/a | P40: 1.47 | Q40: 1.61 | R40: n/a | S40: n/a | T40: n/a | U40: n/a | V40: n/a | W40: n/a | X40: n/a | Y40: n/a | Z40: n/a | AA40: n/a | AB40: 2.18 | AC40: 1.75 | AD40: 2.18 | AE40: 1.75 | AF40: 0.78 | AG40: 2.19 | AH40: n/a | AI40: n/a | AJ40: n/a | AK40: n/a
B41: 22 | D41: =(PI()*(B41/2)^2)/144 -> 2.6398105 | E41: =SUBTOTAL(1,G41,I41,K41,M41,O41,Q41,S41,U41,W41,Y41,AA41,AC41,AE41,AG41,AI41,AK41) -> 2.3166667 | F41: n/a | G41: n/a | H41: n/a | I41: n/a | J41: n/a | K41: n/a | L41: 2.64 | M41: 2.13 | N41: n/a | O41: n/a | P41: 1.83 | Q41: 1.6 | R41: 3.55 | S41: 2.65 | T41: 2.67 | U41: 2.33 | V41: n/a | W41: n/a | X41: n/a | Y41: n/a | Z41: n/a | AA41: n/a | AB41: n/a | AC41: n/a | AD41: n/a | AE41: n/a | AF41: 0.78 | AG41: 2.19 | AH41: 2.44 | AI41: 3 | AJ41: n/a | AK41: n/a
B42: 24 | D42: =(PI()*(B42/2)^2)/144 -> 3.1415927 | E42: =SUBTOTAL(1,G42,I42,K42,M42,O42,Q42,S42,U42,W42,Y42,AA42,AC42,AE42,AG42,AI42,AK42) -> 1.75 | F42: n/a | G42: n/a | H42: n/a | I42: n/a | J42: n/a | K42: n/a | L42: n/a | M42: n/a | N42: n/a | O42: n/a | P42: n/a | Q42: n/a | R42: n/a | S42: n/a | T42: n/a | U42: n/a | V42: n/a | W42: n/a | X42: n/a | Y42: n/a | Z42: n/a | AA42: n/a | AB42: 3.14 | AC42: 1.75 | AD42: 3.14 | AE42: 1.75 | AF42: n/a | AG42: n/a | AH42: n/a | AI42: n/a | AJ42: n/a | AK42: n/a
B43: 26 | D43: =(PI()*(B43/2)^2)/144 -> 3.687008 | E43: =SUBTOTAL(1,G43,I43,K43,M43,O43,Q43,S43,U43,W43,Y43,AA43,AC43,AE43,AG43,AI43,AK43) -> 2.57 | F43: n/a | G43: n/a | H43: n/a | I43: n/a | J43: n/a | K43: n/a | L43: n/a | M43: n/a | N43: n/a | O43: n/a | P43: n/a | Q43: n/a | R43: n/a | S43: n/a | T43: n/a | U43: n/a | V43: n/a | W43: n/a | X43: n/a | Y43: n/a | Z43: n/a | AA43: n/a | AB43: n/a | AC43: n/a | AD43: n/a | AE43: n/a | AF43: 1 | AG43: 2.57 | AH43: n/a | AI43: n/a | AJ43: n/a | AK43: n/a
B44: 30 | D44: =(PI()*(B44/2)^2)/144 -> 4.9087385 | E44: =SUBTOTAL(1,G44,I44,K44,M44,O44,Q44,S44,U44,W44,Y44,AA44,AC44,AE44,AG44,AI44,AK44) -> 3 | F44: n/a | G44: n/a | H44: n/a | I44: n/a | J44: n/a | K44: n/a | L44: n/a | M44: n/a | N44: n/a | O44: n/a | P44: n/a | Q44: n/a | R44: n/a | S44: n/a | T44: n/a | U44: n/a | V44: n/a | W44: n/a | X44: n/a | Y44: n/a | Z44: n/a | AA44: n/a | AB44: n/a | AC44: n/a | AD44: n/a | AE44: n/a | AF44: n/a | AG44: n/a | AH44: 3.33 | AI44: 3 | AJ44: n/a | AK44: n/a
B45: 40 | D45: =(PI()*(B45/2)^2)/144 -> 8.7266463 | E45: =SUBTOTAL(1,G45,I45,K45,M45,O45,Q45,S45,U45,W45,Y45,AA45,AC45,AE45,AG45,AI45,AK45) -> 2.22 | F45: n/a | G45: n/a | H45: n/a | I45: n/a | J45: n/a | K45: n/a | L45: n/a | M45: n/a | N45: n/a | O45: n/a | P45: n/a | Q45: n/a | R45: n/a | S45: n/a | T45: n/a | U45: n/a | V45: n/a | W45: n/a | X45: n/a | Y45: n/a | Z45: n/a | AA45: n/a | AB45: n/a | AC45: n/a | AD45: n/a | AE45: n/a | AF45: 2.67 | AG45: 2.22 | AH45: n/a | AI45: n/a | AJ45: n/a | AK45: n/a

Sheet New Empty Scratchpad
A1: RAC-4096 | B1: RAC-4112 | C1: RAC-4128 | D1: RAC-4144 | E1: RAC-4160 | F1: RAC-4166 | G1: RAC-4170 | I1: RAC-4176 | K1: RAC-4192 | L1: RAC-4208 | M1: RAC-4224 | N1: RAC-4240 | O1: RAC-4256 | P1: RAC-4272 | Q1: RAC-4288 | R1: RAC-4304 | S1: RAC-4311 | T1: RAC-4320 | U1: RAC-4336 | V1: RAC-4352 | W1: RAC-4368 | X1: RAC-4384 | Y1: RAC-4400 | Z1: RAC-4416 | AA1: RAC-4432 | AC1: RAC-4448
A2: v3 | AJ2: Manufacturer
A3: Space Information | D3: Network / Equipment Tree Information | L3: Network Information (MSTP and IP) | Z3: Definitions and Templates | AB3: Sensor | AC3: Parameters
A4: Site/Building/Floor (Required) | B4: Room Number (Optional) | C4: Leaf Space (e.g. Room) (Required) | D4: Device Name (Required) | E4: Device FQR Reference (Required) | F4: Device Description (Optional) | G4: Equipment Name (Required) | H4: Mechanical Drawing | I4: Served By Equipment Name (Optional) | J4: JCI Ctrl Dwg No. | K4: Controller Part # (Optional) | L4: Engine Name (Required) | M4: Trunk Name (Required) | N4: Controller Host Name (Future) | O4: JCI MAC Address | P4: IP Controller Number | Q4: ZIGBEE PAN Offset | R4: Instance # (BACoid) | S4: N2Address | T4: DHCP Enabled | U4: IP Address | V4: Subnet Mask | W4: IP Router | X4: ETH-1 (Optional) | Y4: ETH-2 (Optional) | Z4: Equipment Definition Name (Optional) | AA4: Controller Template Name (Required) | AB4: Code No | AC4: Box Heat | AD4: Supplemental Heat | AE4: Inlet Size (inches) | AF4: SA-AREA | AG4: SA-KFACTOR | AH4: CLG-MAXFLOW | AI4: CLGOCC-MINFLOW | AJ4: HTGOCC-MINFLOW | AK4: Comments
D5: Attribute ID | AF5: AV3111 | AG5: AV3112 | AH5: AV3108 | AI5: AV3109 | AJ5: AV3110
D6: Attribute Type | AF6: Default Value | AG6: Default Value | AH6: Default Value | AI6: Default Value | AJ6: Default Value
A7: Plant Systems
E8: =_xlfn.CONCAT(RIGHT(L8,2),RIGHT(M8,1),MID(K8,4,2),"0",RIGHT(R8,2)) -> #VALUE! | F8: =_xlfn.CONCAT(D8," - ",C8,IF(ISBLANK(B8),"",_xlfn.CONCAT(" Rm ",B8))) -> - | R8: =IF(AND(O8<>"", P8<>""), "MAC & IP cannot both have values", _xlfn.CONCAT("1000"+RIGHT(L8,2),RIGHT(M8,1),"00")+O8+P8) -> #VALUE! | Z8: CHWS | AA8: CHWS
E9: =_xlfn.CONCAT(RIGHT(L9,2),RIGHT(M9,1),MID(K9,4,2),"0",RIGHT(R9,2)) -> #VALUE! | F9: =_xlfn.CONCAT(D9," - ",C9,IF(ISBLANK(B9),"",_xlfn.CONCAT(" Rm ",B9))) -> - | R9: =IF(AND(O9<>"", P9<>""), "MAC & IP cannot both have values", _xlfn.CONCAT("1000"+RIGHT(L9,2),RIGHT(M9,1),"00")+O9+P9) -> #VALUE! | Z9: HWS | AA9: HWS
A11: Air Systems
E12: =_xlfn.CONCAT(RIGHT(L12,2),RIGHT(M12,1),MID(K12,4,2),"0",RIGHT(R12,2)) -> #VALUE! | F12: =_xlfn.CONCAT(D12," - ",C12,IF(ISBLANK(B12),"",_xlfn.CONCAT(" Rm ",B12))) -> - | R12: =IF(AND(O12<>"", P12<>""), "MAC & IP cannot both have values", _xlfn.CONCAT("1000"+RIGHT(L12,2),RIGHT(M12,1),"00")+O12+P12) -> #VALUE! | Z12: AHU | AA12: AHU
E13: =_xlfn.CONCAT(RIGHT(L13,2),RIGHT(M13,1),MID(K13,4,2),"0",RIGHT(R13,2)) -> #VALUE! | F13: =_xlfn.CONCAT(D13," - ",C13,IF(ISBLANK(B13),"",_xlfn.CONCAT(" Rm ",B13))) -> - | R13: =IF(AND(O13<>"", P13<>""), "MAC & IP cannot both have values", _xlfn.CONCAT("1000"+RIGHT(L13,2),RIGHT(M13,1),"00")+O13+P13) -> #VALUE! | Z13: AHU | AA13: AHU
E14: =_xlfn.CONCAT(RIGHT(L14,2),RIGHT(M14,1),MID(K14,4,2),"0",RIGHT(R14,2)) -> #VALUE! | F14: =_xlfn.CONCAT(D14," - ",C14,IF(ISBLANK(B14),"",_xlfn.CONCAT(" Rm ",B14))) -> - | R14: =IF(AND(O14<>"", P14<>""), "MAC & IP cannot both have values", _xlfn.CONCAT("1000"+RIGHT(L14,2),RIGHT(M14,1),"00")+O14+P14) -> #VALUE! | Z14: AHU | AA14: AHU
A16: Terminal Systems
E17: =_xlfn.CONCAT(RIGHT(L17,2),RIGHT(M17,1),MID(K17,4,2),"0",RIGHT(R17,2)) -> #VALUE! | F17: =_xlfn.CONCAT(D17," - ",C17,IF(ISBLANK(B17),"",_xlfn.CONCAT(" Rm ",B17))) -> - | R17: =IF(AND(O17<>"", P17<>""), "MAC & IP cannot both have values", _xlfn.CONCAT("1000"+RIGHT(L17,2),RIGHT(M17,1),"00")+O17+P17) -> #VALUE! | Z17: VAV | AA17: VAV-RH | AB17: NSB8BTN240-0 | AC17: =IF(AND(NOT(ISBLANK(AA17)),NOT(EXACT(AA17,"VAV-CLG"))),TRUE,FALSE) -> TRUE | AD17: =IF(EXACT(AA17,"VAV-RAD"),TRUE,FALSE) -> FALSE | AE17: 8 | AF17: =VLOOKUP($AE17,Manufacturer!$B$2:$E$22,3) -> 0.35 | AG17: =VLOOKUP($AE17,Manufacturer!$B$2:$E$22,4) -> 2.39 | AH17: 860 | AI17: 500 | AJ17: 500
E18: =_xlfn.CONCAT(RIGHT(L18,2),RIGHT(M18,1),MID(K18,4,2),"0",RIGHT(R18,2)) -> #VALUE! | F18: =_xlfn.CONCAT(D18," - ",C18,IF(ISBLANK(B18),"",_xlfn.CONCAT(" Rm ",B18))) -> - | R18: =IF(AND(O18<>"", P18<>""), "MAC & IP cannot both have values", _xlfn.CONCAT("1000"+RIGHT(L18,2),RIGHT(M18,1),"00")+O18+P18) -> #VALUE! | Z18: VAV | AA18: VAV-RH | AB18: NSB8BTN240-0 | AC18: =IF(AND(NOT(ISBLANK(AA18)),NOT(EXACT(AA18,"VAV-CLG"))),TRUE,FALSE) -> TRUE | AD18: =IF(EXACT(AA18,"VAV-RAD"),TRUE,FALSE) -> FALSE | AE18: 7 | AF18: =VLOOKUP($AE18,Manufacturer!$B$2:$E$22,3) -> 0.27 | AG18: =VLOOKUP($AE18,Manufacturer!$B$2:$E$22,4) -> 2.57 | AH18: 550 | AI18: 350 | AJ18: 350
E19: =_xlfn.CONCAT(RIGHT(L19,2),RIGHT(M19,1),MID(K19,4,2),"0",RIGHT(R19,2)) -> #VALUE! | F19: =_xlfn.CONCAT(D19," - ",C19,IF(ISBLANK(B19),"",_xlfn.CONCAT(" Rm ",B19))) -> - | R19: =IF(AND(O19<>"", P19<>""), "MAC & IP cannot both have values", _xlfn.CONCAT("1000"+RIGHT(L19,2),RIGHT(M19,1),"00")+O19+P19) -> #VALUE! | Z19: VAV | AA19: VAV-RH | AB19: NSB8BTN240-0 | AC19: =IF(AND(NOT(ISBLANK(AA19)),NOT(EXACT(AA19,"VAV-CLG"))),TRUE,FALSE) -> TRUE | AD19: =IF(EXACT(AA19,"VAV-RAD"),TRUE,FALSE) -> FALSE | AE19: 8 | AF19: =VLOOKUP($AE19,Manufacturer!$B$2:$E$22,3) -> 0.35 | AG19: =VLOOKUP($AE19,Manufacturer!$B$2:$E$22,4) -> 2.39 | AH19: 880 | AI19: 360 | AJ19: 360
E20: =_xlfn.CONCAT(RIGHT(L20,2),RIGHT(M20,1),MID(K20,4,2),"0",RIGHT(R20,2)) -> #VALUE! | F20: =_xlfn.CONCAT(D20," - ",C20,IF(ISBLANK(B20),"",_xlfn.CONCAT(" Rm ",B20))) -> - | R20: =IF(AND(O20<>"", P20<>""), "MAC & IP cannot both have values", _xlfn.CONCAT("1000"+RIGHT(L20,2),RIGHT(M20,1),"00")+O20+P20) -> #VALUE! | Z20: VAV | AA20: VAV-RH | AB20: NSB8BTN240-0 | AC20: =IF(AND(NOT(ISBLANK(AA20)),NOT(EXACT(AA20,"VAV-CLG"))),TRUE,FALSE) -> TRUE | AD20: =IF(EXACT(AA20,"VAV-RAD"),TRUE,FALSE) -> FALSE | AE20: 7 | AF20: =VLOOKUP($AE20,Manufacturer!$B$2:$E$22,3) -> 0.27 | AG20: =VLOOKUP($AE20,Manufacturer!$B$2:$E$22,4) -> 2.57 | AH20: 600 | AI20: 220 | AJ20: 220
E21: =_xlfn.CONCAT(RIGHT(L21,2),RIGHT(M21,1),MID(K21,4,2),"0",RIGHT(R21,2)) -> #VALUE! | F21: =_xlfn.CONCAT(D21," - ",C21,IF(ISBLANK(B21),"",_xlfn.CONCAT(" Rm ",B21))) -> - | R21: =IF(AND(O21<>"", P21<>""), "MAC & IP cannot both have values", _xlfn.CONCAT("1000"+RIGHT(L21,2),RIGHT(M21,1),"00")+O21+P21) -> #VALUE! | Z21: VAV | AA21: VAV-RH | AB21: NSB8BTN240-0 | AC21: =IF(AND(NOT(ISBLANK(AA21)),NOT(EXACT(AA21,"VAV-CLG"))),TRUE,FALSE) -> TRUE | AD21: =IF(EXACT(AA21,"VAV-RAD"),TRUE,FALSE) -> FALSE | AE21: 8 | AF21: =VLOOKUP($AE21,Manufacturer!$B$2:$E$22,3) -> 0.35 | AG21: =VLOOKUP($AE21,Manufacturer!$B$2:$E$22,4) -> 2.39 | AH21: 845 | AI21: 420 | AJ21: 420
E22: =_xlfn.CONCAT(RIGHT(L22,2),RIGHT(M22,1),MID(K22,4,2),"0",RIGHT(R22,2)) -> #VALUE! | F22: =_xlfn.CONCAT(D22," - ",C22,IF(ISBLANK(B22),"",_xlfn.CONCAT(" Rm ",B22))) -> - | R22: =IF(AND(O22<>"", P22<>""), "MAC & IP cannot both have values", _xlfn.CONCAT("1000"+RIGHT(L22,2),RIGHT(M22,1),"00")+O22+P22) -> #VALUE! | Z22: VAV | AA22: VAV-RH | AB22: NSB8BTN240-0 | AC22: =IF(AND(NOT(ISBLANK(AA22)),NOT(EXACT(AA22,"VAV-CLG"))),TRUE,FALSE) -> TRUE | AD22: =IF(EXACT(AA22,"VAV-RAD"),TRUE,FALSE) -> FALSE | AE22: 5 | AF22: =VLOOKUP($AE22,Manufacturer!$B$2:$E$22,3) -> 0.14 | AG22: =VLOOKUP($AE22,Manufacturer!$B$2:$E$22,4) -> 1.95 | AH22: 350 | AI22: 150 | AJ22: 150
E23: =_xlfn.CONCAT(RIGHT(L23,2),RIGHT(M23,1),MID(K23,4,2),"0",RIGHT(R23,2)) -> #VALUE! | F23: =_xlfn.CONCAT(D23," - ",C23,IF(ISBLANK(B23),"",_xlfn.CONCAT(" Rm ",B23))) -> - | R23: =IF(AND(O23<>"", P23<>""), "MAC & IP cannot both have values", _xlfn.CONCAT("1000"+RIGHT(L23,2),RIGHT(M23,1),"00")+O23+P23) -> #VALUE! | Z23: VAV | AA23: VAV-RH | AB23: NSB8BTN240-0 | AC23: =IF(AND(NOT(ISBLANK(AA23)),NOT(EXACT(AA23,"VAV-CLG"))),TRUE,FALSE) -> TRUE | AD23: =IF(EXACT(AA23,"VAV-RAD"),TRUE,FALSE) -> FALSE | AE23: 8 | AF23: =VLOOKUP($AE23,Manufacturer!$B$2:$E$22,3) -> 0.35 | AG23: =VLOOKUP($AE23,Manufacturer!$B$2:$E$22,4) -> 2.39 | AH23: 860 | AI23: 400 | AJ23: 400
E24: =_xlfn.CONCAT(RIGHT(L24,2),RIGHT(M24,1),MID(K24,4,2),"0",RIGHT(R24,2)) -> #VALUE! | F24: =_xlfn.CONCAT(D24," - ",C24,IF(ISBLANK(B24),"",_xlfn.CONCAT(" Rm ",B24))) -> - | R24: =IF(AND(O24<>"", P24<>""), "MAC & IP cannot both have values", _xlfn.CONCAT("1000"+RIGHT(L24,2),RIGHT(M24,1),"00")+O24+P24) -> #VALUE! | Z24: VAV | AA24: VAV-RH | AB24: NSB8BTN240-0 | AC24: =IF(AND(NOT(ISBLANK(AA24)),NOT(EXACT(AA24,"VAV-CLG"))),TRUE,FALSE) -> TRUE | AD24: =IF(EXACT(AA24,"VAV-RAD"),TRUE,FALSE) -> FALSE | AE24: 6 | AF24: =VLOOKUP($AE24,Manufacturer!$B$2:$E$22,3) -> 0.2 | AG24: =VLOOKUP($AE24,Manufacturer!$B$2:$E$22,4) -> 3.07 | AH24: 360 | AI24: 90 | AJ24: 90
E25: =_xlfn.CONCAT(RIGHT(L25,2),RIGHT(M25,1),MID(K25,4,2),"0",RIGHT(R25,2)) -> #VALUE! | F25: =_xlfn.CONCAT(D25," - ",C25,IF(ISBLANK(B25),"",_xlfn.CONCAT(" Rm ",B25))) -> - | R25: =IF(AND(O25<>"", P25<>""), "MAC & IP cannot both have values", _xlfn.CONCAT("1000"+RIGHT(L25,2),RIGHT(M25,1),"00")+O25+P25) -> #VALUE! | Z25: VAV | AA25: VAV-RH | AB25: NSB8BTN240-0 | AC25: =IF(AND(NOT(ISBLANK(AA25)),NOT(EXACT(AA25,"VAV-CLG"))),TRUE,FALSE) -> TRUE | AD25: =IF(EXACT(AA25,"VAV-RAD"),TRUE,FALSE) -> FALSE | AE25: 5 | AF25: =VLOOKUP($AE25,Manufacturer!$B$2:$E$22,3) -> 0.14 | AG25: =VLOOKUP($AE25,Manufacturer!$B$2:$E$22,4) -> 1.95 | AH25: 350 | AI25: 150 | AJ25: 150
E26: =_xlfn.CONCAT(RIGHT(L26,2),RIGHT(M26,1),MID(K26,4,2),"0",RIGHT(R26,2)) -> #VALUE! | F26: =_xlfn.CONCAT(D26," - ",C26,IF(ISBLANK(B26),"",_xlfn.CONCAT(" Rm ",B26))) -> - | R26: =IF(AND(O26<>"", P26<>""), "MAC & IP cannot both have values", _xlfn.CONCAT("1000"+RIGHT(L26,2),RIGHT(M26,1),"00")+O26+P26) -> #VALUE! | Z26: VAV | AA26: VAV-RH | AB26: NSB8BTN240-0 | AC26: =IF(AND(NOT(ISBLANK(AA26)),NOT(EXACT(AA26,"VAV-CLG"))),TRUE,FALSE) -> TRUE | AD26: =IF(EXACT(AA26,"VAV-RAD"),TRUE,FALSE) -> FALSE | AE26: 5 | AF26: =VLOOKUP($AE26,Manufacturer!$B$2:$E$22,3) -> 0.14 | AG26: =VLOOKUP($AE26,Manufacturer!$B$2:$E$22,4) -> 1.95 | AH26: 280 | AI26: 80 | AJ26: 80
E27: =_xlfn.CONCAT(RIGHT(L27,2),RIGHT(M27,1),MID(K27,4,2),"0",RIGHT(R27,2)) -> #VALUE! | F27: =_xlfn.CONCAT(D27," - ",C27,IF(ISBLANK(B27),"",_xlfn.CONCAT(" Rm ",B27))) -> - | R27: =IF(AND(O27<>"", P27<>""), "MAC & IP cannot both have values", _xlfn.CONCAT("1000"+RIGHT(L27,2),RIGHT(M27,1),"00")+O27+P27) -> #VALUE! | Z27: VAV | AA27: VAV-RH | AB27: NSB8BTN240-0 | AC27: =IF(AND(NOT(ISBLANK(AA27)),NOT(EXACT(AA27,"VAV-CLG"))),TRUE,FALSE) -> TRUE | AD27: =IF(EXACT(AA27,"VAV-RAD"),TRUE,FALSE) -> FALSE | AE27: 9 | AF27: =VLOOKUP($AE27,Manufacturer!$B$2:$E$22,3) -> 0.44 | AG27: =VLOOKUP($AE27,Manufacturer!$B$2:$E$22,4) -> 2.3 | AH27: 940 | AI27: 580 | AJ27: 580
E28: =_xlfn.CONCAT(RIGHT(L28,2),RIGHT(M28,1),MID(K28,4,2),"0",RIGHT(R28,2)) -> #VALUE! | F28: =_xlfn.CONCAT(D28," - ",C28,IF(ISBLANK(B28),"",_xlfn.CONCAT(" Rm ",B28))) -> - | R28: =IF(AND(O28<>"", P28<>""), "MAC & IP cannot both have values", _xlfn.CONCAT("1000"+RIGHT(L28,2),RIGHT(M28,1),"00")+O28+P28) -> #VALUE! | Z28: VAV | AA28: VAV-RH | AB28: NSB8BTN240-0 | AC28: =IF(AND(NOT(ISBLANK(AA28)),NOT(EXACT(AA28,"VAV-CLG"))),TRUE,FALSE) -> TRUE | AD28: =IF(EXACT(AA28,"VAV-RAD"),TRUE,FALSE) -> FALSE | AE28: 40 | AF28: =VLOOKUP($AE28,Manufacturer!$B$2:$E$22,3) -> 2.67 | AG28: =VLOOKUP($AE28,Manufacturer!$B$2:$E$22,4) -> 2.22 | AH28: 6800 | AI28: 1900 | AJ28: 1900
... E30: =_xlfn.CONCAT(RIGHT(L30,2),RIGHT(M30,1),MID(K30,4,2),"0",RIGHT(R30,2)) -> #VALUE! | F30: =_xlfn.CONCAT(D30," - ",C30,IF(ISBLANK(B30),"",_xlfn.CONCAT(" Rm ",B30))) -> - | R30: =IF(AND(O30<>"", P30<>""), "MAC & IP cannot both have values", _xlfn.CONCAT("1000"+RIGHT(L30,2),RIGHT(M30,1),"00")+O30+P30) -> #VALUE! | Z30: VAV | AA30: VAV-RH | AB30: NSB8BTN240-1 | AC30: =IF(AND(NOT(ISBLANK(AA30)),NOT(EXACT(AA30,"VAV-CLG"))),TRUE,FALSE) -> TRUE | AD30: =IF(EXACT(AA30,"VAV-RAD"),TRUE,FALSE) -> FALSE | AE30: 8 | AF30: =VLOOKUP($AE30,Manufacturer!$B$2:$E$22,3) -> 0.35 | AG30: =VLOOKUP($AE30,Manufacturer!$B$2:$E$22,4) -> 2.39 | AH30: 750 | AI30: 400 | AJ30: 400
E31: =_xlfn.CONCAT(RIGHT(L31,2),RIGHT(M31,1),MID(K31,4,2),"0",RIGHT(R31,2)) -> #VALUE! | F31: =_xlfn.CONCAT(D31," - ",C31,IF(ISBLANK(B31),"",_xlfn.CONCAT(" Rm ",B31))) -> - | R31: =IF(AND(O31<>"", P31<>""), "MAC & IP cannot both have values", _xlfn.CONCAT("1000"+RIGHT(L31,2),RIGHT(M31,1),"00")+O31+P31) -> #VALUE!
E32: =_xlfn.CONCAT(RIGHT(L32,2),RIGHT(M32,1),MID(K32,4,2),"0",RIGHT(R32,2)) -> #VALUE! | F32: =_xlfn.CONCAT(D32," - ",C32,IF(ISBLANK(B32),"",_xlfn.CONCAT(" Rm ",B32))) -> - | R32: =IF(AND(O32<>"", P32<>""), "MAC & IP cannot both have values", _xlfn.CONCAT("1000"+RIGHT(L32,2),RIGHT(M32,1),"00")+O32+P32) -> #VALUE!
E33: =_xlfn.CONCAT(RIGHT(L33,2),RIGHT(M33,1),MID(K33,4,2),"0",RIGHT(R33,2)) -> #VALUE! | F33: =_xlfn.CONCAT(D33," - ",C33,IF(ISBLANK(B33),"",_xlfn.CONCAT(" Rm ",B33))) -> - | R33: =IF(AND(O33<>"", P33<>""), "MAC & IP cannot both have values", _xlfn.CONCAT("1000"+RIGHT(L33,2),RIGHT(M33,1),"00")+O33+P33) -> #VALUE!
E34: =_xlfn.CONCAT(RIGHT(L34,2),RIGHT(M34,1),MID(K34,4,2),"0",RIGHT(R34,2)) -> #VALUE! | F34: =_xlfn.CONCAT(D34," - ",C34,IF(ISBLANK(B34),"",_xlfn.CONCAT(" Rm ",B34))) -> - | R34: =IF(AND(O34<>"", P34<>""), "MAC & IP cannot both have values", _xlfn.CONCAT("1000"+RIGHT(L34,2),RIGHT(M34,1),"00")+O34+P34) -> #VALUE!
E35: =_xlfn.CONCAT(RIGHT(L35,2),RIGHT(M35,1),MID(K35,4,2),"0",RIGHT(R35,2)) -> #VALUE! | F35: =_xlfn.CONCAT(D35," - ",C35,IF(ISBLANK(B35),"",_xlfn.CONCAT(" Rm ",B35))) -> - | R35: =IF(AND(O35<>"", P35<>""), "MAC & IP cannot both have values", _xlfn.CONCAT("1000"+RIGHT(L35,2),RIGHT(M35,1),"00")+O35+P35) -> #VALUE!
E36: =_xlfn.CONCAT(RIGHT(L36,2),RIGHT(M36,1),MID(K36,4,2),"0",RIGHT(R36,2)) -> #VALUE! | F36: =_xlfn.CONCAT(D36," - ",C36,IF(ISBLANK(B36),"",_xlfn.CONCAT(" Rm ",B36))) -> - | R36: =IF(AND(O36<>"", P36<>""), "MAC & IP cannot both have values", _xlfn.CONCAT("1000"+RIGHT(L36,2),RIGHT(M36,1),"00")+O36+P36) -> #VALUE!
A38: Integrations
D39: =_xlfn.CONCAT("",G39) | E39: =_xlfn.CONCAT(RIGHT(L39,2),RIGHT(M39,1),MID(K39,4,2),"0",RIGHT(R39,2)) -> #VALUE! | F39: =_xlfn.CONCAT(D39," - ",C39,IF(ISBLANK(B39),"",_xlfn.CONCAT(" Rm ",B39))) -> - | R39: =IF(AND(O39<>"", P39<>""), "MAC & IP cannot both have values", _xlfn.CONCAT("1000"+RIGHT(L39,2),RIGHT(M39,1),"00")+O39+P39) -> #VALUE! | Z39: VAV
D40: =_xlfn.CONCAT("",G40) | E40: =_xlfn.CONCAT(RIGHT(L40,2),RIGHT(M40,1),MID(K40,4,2),"0",RIGHT(R40,2)) -> #VALUE! | F40: =_xlfn.CONCAT(D40," - ",C40,IF(ISBLANK(B40),"",_xlfn.CONCAT(" Rm ",B40))) -> - | R40: =IF(AND(O40<>"", P40<>""), "MAC & IP cannot both have values", _xlfn.CONCAT("1000"+RIGHT(L40,2),RIGHT(M40,1),"00")+O40+P40) -> #VALUE! | Z40: VAV
D41: =_xlfn.CONCAT("",G41) | E41: =_xlfn.CONCAT(RIGHT(L41,2),RIGHT(M41,1),MID(K41,4,2),"0",RIGHT(R41,2)) -> #VALUE! | F41: =_xlfn.CONCAT(D41," - ",C41,IF(ISBLANK(B41),"",_xlfn.CONCAT(" Rm ",B41))) -> - | R41: =IF(AND(O41<>"", P41<>""), "MAC & IP cannot both have values", _xlfn.CONCAT("1000"+RIGHT(L41,2),RIGHT(M41,1),"00")+O41+P41) -> #VALUE! | Z41: VAV
D42: =_xlfn.CONCAT("",G42) | E42: =_xlfn.CONCAT(RIGHT(L42,2),RIGHT(M42,1),MID(K42,4,2),"0",RIGHT(R42,2)) -> #VALUE! | F42: =_xlfn.CONCAT(D42," - ",C42,IF(ISBLANK(B42),"",_xlfn.CONCAT(" Rm ",B42))) -> - | R42: =IF(AND(O42<>"", P42<>""), "MAC & IP cannot both have values", _xlfn.CONCAT("1000"+RIGHT(L42,2),RIGHT(M42,1),"00")+O42+P42) -> #VALUE! | Z42: VAV
D43: =_xlfn.CONCAT("",G43) | E43: =_xlfn.CONCAT(RIGHT(L43,2),RIGHT(M43,1),MID(K43,4,2),"0",RIGHT(R43,2)) -> #VALUE! | F43: =_xlfn.CONCAT(D43," - ",C43,IF(ISBLANK(B43),"",_xlfn.CONCAT(" Rm ",B43))) -> - | R43: =IF(AND(O43<>"", P43<>""), "MAC & IP cannot both have values", _xlfn.CONCAT("1000"+RIGHT(L43,2),RIGHT(M43,1),"00")+O43+P43) -> #VALUE! | Z43: VAV
D44: =_xlfn.CONCAT("",G44) | E44: =_xlfn.CONCAT(RIGHT(L44,2),RIGHT(M44,1),MID(K44,4,2),"0",RIGHT(R44,2)) -> #VALUE! | F44: =_xlfn.CONCAT(D44," - ",C44,IF(ISBLANK(B44),"",_xlfn.CONCAT(" Rm ",B44))) -> - | R44: =IF(AND(O44<>"", P44<>""), "MAC & IP cannot both have values", _xlfn.CONCAT("1000"+RIGHT(L44,2),RIGHT(M44,1),"00")+O44+P44) -> #VALUE! | Z44: VAV

Sheet Merge Empty Scratchpad
A1: RAC-4096 | B1: RAC-4112 | C1: RAC-4128 | D1: RAC-4144 | E1: RAC-4160 | F1: RAC-4166 | G1: RAC-4170 | H1: RAC-4176 | I1: RAC-4192 | J1: RAC-4208 | K1: RAC-4224 | L1: RAC-4240 | M1: RAC-4256 | N1: RAC-4272 | O1: RAC-4288 | P1: RAC-4304 | Q1: RAC-4311 | R1: RAC-4320 | S1: RAC-4336 | T1: RAC-4352 | U1: RAC-4368 | V1: RAC-4384 | W1: RAC-4400 | X1: RAC-4416 | Y1: RAC-4432 | Z1: RAC-4448
A2: v3
A3: Space Information | D3: Network / Equipment Tree Information | J3: Network Information (MSTP and IP) | X3: Definitions and Templates | Z3: Parameters
A4: Site/Building/Floor (Required) | B4: Room Number (Optional) | C4: Leaf Space (e.g. Room) (Required) | D4: Device Name (Provided) | E4: Device FQR Reference (Provided) | F4: Device Description (Provided) | G4: Equipment Name (Required) | H4: Served By Equipment Name (Optional) | I4: Controller Part # (Optional) | J4: Engine Name (Provided) | K4: Trunk Name (Provided) | L4: Controller Host Name (Future) | M4: JCI MAC Address (Provided) | N4: IP Controller Number (Provided) | O4: ZIGBEE PAN Offset | P4: Instance # (BACoid) (Provided) | Q4: N2Address (Provided) | R4: DHCP Enabled (Provided) | S4: IP Address (Provided) | T4: Subnet Mask (Provided) | U4: IP Router (Provided) | V4: ETH-1 (Optional) | W4: ETH-2 (Optional) | X4: Equipment Definition Name (Provided) | Y4: Controller Template Name (Not Used) | Z4: SA-AREA | AA4: SA-KFACTOR | AB4: CLG-MAXFLOW | AC4: CLGOCC-MINFLOW | AD4: HTGOCC-MINFLOW
D5: Attribute ID | Z5: AV3111 | AA5: AV3112 | AB5: AV3108 | AC5: AV3109 | AD5: AV3110
D6: Attribute Type | Z6: Default Value | AA6: Default Value | AB6: Default Value | AC6: Default Value | AD6: Default Value

Sheet New Site Examples
A1: RAC-4096 | B1: RAC-4112 | C1: RAC-4128 | D1: RAC-4144 | E1: RAC-4160 | F1: RAC-4166 | G1: RAC-4170 | H1: RAC-4176 | I1: RAC-4192 | J1: RAC-4208 | K1: RAC-4224 | L1: RAC-4240 | M1: RAC-4256 | N1: RAC-4272 | O1: RAC-4288 | P1: RAC-4304 | Q1: RAC-4311 | R1: RAC-4320 | S1: RAC-4336 | T1: RAC-4352 | U1: RAC-4368 | V1: RAC-4384 | W1: RAC-4400 | X1: RAC-4416 | Y1: RAC-4432 | Z1: RAC-4448
A2: v3
A3: Space Information | D3: All Items / Equipment Tree Information | J3: Network Information (MSTP and IP) | X3: Definitions and Templates | Z3: Parameters
A4: Site/Building/Floor (Required) | B4: Room Number (Optional) | C4: Leaf Space (e.g. Room) (Required) | D4: Device Name (Required) | E4: Device FQR Reference (Required) | F4: Device Description (Optional) | G4: Equipment Name | H4: Served By Equipment Name (Optional) | I4: Controller Part # (Optional) | J4: Engine Name (Required) | K4: Trunk Name (Required) | L4: Controller Host Name (Future) | M4: JCI MAC Address | N4: IP Controller Number | O4: ZIGBEE PAN Offset | P4: Instance # (BACoid) | Q4: N2Address | R4: DHCP Enabled | S4: IP Address | T4: Subnet Mask | U4: IP Router | V4: ETH-1 (Optional) | W4: ETH-2 (Optional) | X4: Equipment Definition Name (Optional) | Y4: Controller Template Name (Required)
D5: Attribute ID
D6: Attribute Type
A7: Central Plant Examples (MSTP Network Information) - For Central Plant Space Information, a sites campus name is typically entered under the Site/Bldg./Floor column and a Building Name entered as the Leaf Space. - For All Items / Equipment Tree Information, the Device and Equipment Names can be simple but you do have the option to create a more unique FQR Reference name so the information displayed in SMP views is more detailed. - There are typically no Served By Equipment Names for Central Plants unless the boilers, chillers, pumps etc. are created as unique Equipment instances after the Plant System Equipment is created. - Remember to setup the Point Name Display attributes in the Controller Templates to match the desired Point Naming strategy for the site. - It is reccommended that you create unique names for the Equipment and Controller Templates for Central Plants because they are typically not reused on other plant systems.
A8: JCI University | C8: Training | D8: NCE-1-Integrated-04 | E8: Chiller Plant | G8: Chiller Plant | I8: NCE | J8: NCE-1 | K8: Field Bus MSTP1 | M8: 4 | X8: Chiller Plant-CPO-ED | Y8: Chiller Plant-CPO-CT
A9: JCI University | C9: Training | D9: FAC-NCE-1-1-05 | E9: Hot Water Plant | G9: Hot Water Plant | I9: FAC-1632 | J9: NCE-1 | K9: Field Bus MSTP1 | M9: 5 | X9: HWS-ED | Y9: HWS-CT
A10: Air Handling Unit Example (MSTP Network Information) - For AHU Space Information, a floor or building becomes the Leaf Space. - For All Items / Equipment Tree Information, the Device and Equipment Names can be simple but you do have the option to create a more unique FQR Reference name so the information displayed in SMP views is more detailed. - You have the option to add 1 Served By Equipment Name in the template for one of the Central Plants. Other Central Plants serving the AHUs will have to be added manaually after the Rapid Archive Process is performed. - Remember to setup the Point Name Display attributes in the Controller Template to match the desired Point Naming strategy for the site. - It is reccommended that you try to reuse a common Equipment Definition for all AHUs of the same basic Mechanical Equipment Type even if the Controller Templates / CAF Files for each AHU may be slightly different.
A11: JCI University/Training | C11: Floor 1 | D11: FAC-NAE1-1-06-MASP | E11: FAC-NAE1-1-06-MASP | G11: AHU-MASP-1 | H11: Chiller Plant &&Hot Water Plant | I11: FAC-1632 | J11: NAE-1 | K11: Field Bus MSTP1 | M11: 6 | X11: AHU-MASD-ED | Y11: AHU-MASD
A12: JCI University/Training | C12: Floor 2 | D12: FAC-NAE1-2-06-MASP | E12: FAC-NAE1-2-06-MASP | G12: AHU-MASP-2 | H12: Chiller Plant &&Hot Water Plant | I12: FAC-1632 | J12: NAE-1 | K12: Field Bus MSTP2 | M12: 6 | X12: AHU-MASD-ED | Y12: AHU-MASD
A13: Terminal Unit Examples (MSTP Integrations) - For Terminal Unit Space Information, a Room is typically the Leaf Space. - An Optional Room Number can be added as a reference from the mechanical plans until the official Room names are known. - You have the option to add 1 Served By Equipment Name in the template. For VAV Boxes, this is typically an AHU and for Fan Coils it could be a Heating or Cooling Central Plan. Other serving relationships will have to be added manaually after the Rapid Archive Process is performed. - Remember to setup the Point Name Display attributes in the Controller Template to match the desired Point Naming strategy for the site.
A14: JCI University/Training/Floor 1 | B14: F1M04 | C14: Breakout Room 01 | D14: VAV-11-RH | E14: VAV-11-RH | G14: VAV-SD-RH-11 | H14: AHU-MASP-1&&Chiller Plant&&Hot Water Plant | I14: MS-VMA1630-0 | J14: NAE-1 | K14: Field Bus MSTP1 | M14: 11 | X14: VAV Boxes - Single Duct | Y14: VAV-SD-RH | Z14: 0.769 | AA14: 2.92 | AB14: 1050 | AC14: 115 | AD14: 735
A15: JCI University/Training/Floor 1 | B15: F1M05 | C15: Breakout Room 02 | D15: VAV-12-RH | E15: VAV-12-RH | G15: VAV-SD-RH-12 | H15: AHU-MASP-1&&Chiller Plant&&Hot Water Plant | I15: MS-VMA1630-0 | J15: NAE-1 | K15: Field Bus MSTP1 | M15: 12 | X15: VAV Boxes - Single Duct | Y15: VAV-SD-RH | Z15: 0.338 | AA15: 2.44 | AB15: 900 | AC15: 90 | AD15: 420
A16: JCI University/Training/Floor 1 | B16: F1M06 | C16: Breakout Room 03 | D16: VAV-13-RH | E16: VAV-13-RH | G16: VAV-SD-RH-13 | H16: AHU-MASP-1&&Chiller Plant&&Hot Water Plant | I16: MS-VMA1630-0 | J16: NAE-1 | K16: Field Bus MSTP1 | M16: 13 | X16: VAV Boxes - Single Duct | Y16: VAV-SD-RH | Z16: 1.05 | AA16: 2.9 | AB16: 1540 | AC16: 135 | AD16: 1080
A17: JCI University/Training/Floor 1 | B17: F1M07 | C17: Mens Bathroom | D17: VAV-14-RH EF | E17: VAV-14-RH EF | G17: VAV-SD-RH-14 | H17: AHU-MASP-1&&Chiller Plant&&Hot Water Plant | I17: MS-VMA1630-0 | J17: NAE-1 | K17: Field Bus MSTP1 | M17: 14 | X17: VAV Boxes - Single Duct | Y17: VAV-SD-RH-EF-Hum | Z17: 1.05 | AA17: 2.9 | AB17: 1600 | AC17: 130 | AD17: 1120
A18: JCI University/Training/Floor 1 | B18: F1M07 | C18: Mens Bathroom | D18: VAV-14-RH EF | E18: VAV-14-RH EF | G18: Bath EF-14 | I18: MS-VMA1630-0 | J18: NAE-1 | K18: Field Bus MSTP1 | M18: 14 | X18: Bathroom Exhuast | Y18: VAV-SD-RH-EF-Hum
A19: JCI University/Training/Floor 1 | B19: F1M09 | C19: Womens Bathroom | D19: VAV-15-RH EF | E19: VAV-15-RH EF | G19: VAV-SD-RH-EF-Hum-15 | H19: AHU-MASP-1&&Chiller Plant&&Hot Water Plant | I19: MS-VMA1630-0 | J19: NAE-1 | K19: Field Bus MSTP1 | M19: 15 | X19: VAV Boxes - Single Duct | Y19: VAV-SD-RH-EF-Hum | Z19: 0.338 | AA19: 2.44 | AB19: 570 | AC19: 90 | AD19: 400
A20: JCI University/Training/Floor 1 | B20: F1M09 | C20: Womens Bathroom | D20: VAV-15-RH EF | E20: VAV-15-RH EF | G20: Bath EF-15 | I20: MS-VMA1630-0 | J20: NAE-1 | K20: Field Bus MSTP1 | M20: 15 | X20: Bathroom Exhuast | Y20: VAV-SD-RH-EF-Hum
A21: VAV Boxes (IP Field Controllers) - For Terminal Unit Space Information, a Room is typically the Leaf Space. - An Optional Room Number can be added as a reference from the mechanical plans until the official Room names are known. - You have the option to add 1 Served By Equipment Name in the template. For VAV Boxes, this is typically an AHU and for Fan Coils it could be a Heating or Cooling Central Plan. Other serving relationships will have to be added manaually after the Rapid Archive Process is performed. - Remember to setup the Point Name Display attributes in the Controller Template to match the desired Point Naming strategy for the site.
A22: JCI University/Training/Floor 1 | B22: F1M01 | C22: Electrical Closet | D22: VAV-08-CLG | E22: VAV-08-CLG | G22: VAV-SD-CLG-08 | H22: AHU-MASP-1&&Chiller Plant | I22: MS-VMA1630-0 | J22: NAE-1 | X22: VAV Boxes - Single Duct | Y22: VAV-SD-CLG | Z22: 0.532 | AA22: 2.48 | AB22: 800 | AC22: 115 | AD22: 115
A23: JCI University/Training/Floor 1 | B23: F1M02 | C23: Reception | D23: VAV-09-RH | E23: VAV-09-RH | G23: VAV-SD-RH-09 | H23: AHU-MASP-1&&Chiller Plant&&Hot Water Plant | I23: MS-VMA1630-0 | J23: NAE-1 | X23: VAV Boxes - Single Duct | Y23: VAV-SD-RH | Z23: 0.769 | AA23: 2.92 | AB23: 1390 | AC23: 125 | AD23: 970
A24: JCI University/Training/Floor 1 | B24: F1M03 | C24: Large Conference Room | D24: VAV-10-RH | E24: VAV-10-RH | G24: VAV-SD-RH-10 | H24: AHU-MASP-1&&Chiller Plant&&Hot Water Plant | I24: MS-VMA1630-0 | J24: NAE-1 | X24: VAV Boxes - Single Duct | Y24: VAV-SD-RH | Z24: 0.532 | AA24: 2.48 | AB24: 810 | AC24: 75 | AD24: 530
A25: JCI University/Training/Floor 1 | B25: F1M04 | C25: Breakout Room 01 | D25: VAV-11-RH | E25: VAV-11-RH | G25: VAV-SD-RH-11 | H25: AHU-MASP-1&&Chiller Plant&&Hot Water Plant | I25: MS-VMA1630-0 | J25: NAE-1 | X25: VAV Boxes - Single Duct | Y25: VAV-SD-RH | Z25: 0.769 | AA25: 2.92 | AB25: 1050 | AC25: 115 | AD25: 735
A26: JCI University/Training/Floor 1 | B26: F1M05 | C26: Breakout Room 02 | D26: VAV-12-RH | E26: VAV-12-RH | G26: VAV-SD-RH-12 | H26: AHU-MASP-1&&Chiller Plant&&Hot Water Plant | I26: MS-VMA1630-0 | J26: NAE-1 | X26: VAV Boxes - Single Duct | Y26: VAV-SD-RH | Z26: 0.338 | AA26: 2.44 | AB26: 900 | AC26: 90 | AD26: 420
A27: JCI University/Training/Floor 1 | B27: F1M06 | C27: Breakout Room 03 | D27: VAV-13-RH | E27: VAV-13-RH | G27: VAV-SD-RH-13 | H27: AHU-MASP-1&&Chiller Plant&&Hot Water Plant | I27: MS-VMA1630-0 | J27: NAE-1 | X27: VAV Boxes - Single Duct | Y27: VAV-SD-RH | Z27: 1.05 | AA27: 2.9 | AB27: 1540 | AC27: 135 | AD27: 1080
A28: JCI University/Training/Floor 1 | B28: F1M07 | C28: Mens Bathroom | D28: VAV-14-RH EF | E28: VAV-14-RH EF | G28: VAV-SD-RH-14 | H28: AHU-MASP-1&&Chiller Plant&&Hot Water Plant | I28: MS-VMA1630-0 | J28: NAE-1 | X28: VAV Boxes - Single Duct | Y28: VAV-SD-RH-EF-Hum | Z28: 1.05 | AA28: 2.9 | AB28: 1600 | AC28: 130 | AD28: 1120
A29: JCI University/Training/Floor 1 | B29: F1M07 | C29: Mens Bathroom | D29: VAV-14-RH EF | E29: VAV-14-RH EF | G29: Bath EF-14 | I29: MS-VMA1630-0 | J29: NAE-1 | X29: Bathroom Exhuast | Y29: VAV-SD-RH-EF-Hum
A30: JCI University/Training/Floor 1 | B30: F1M09 | C30: Womens Bathroom | D30: VAV-15-RH EF | E30: VAV-15-RH EF | G30: VAV-SD-RH-15 | H30: AHU-MASP-1&&Chiller Plant&&Hot Water Plant | I30: MS-VMA1630-0 | J30: NAE-1 | X30: VAV Boxes - Single Duct | Y30: VAV-SD-RH-EF-Hum | Z30: 0.338 | AA30: 2.44 | AB30: 570 | AC30: 90 | AD30: 400
A31: JCI University/Training/Floor 1 | B31: F1M09 | C31: Womens Bathroom | D31: VAV-15-RH EF | E31: VAV-15-RH EF | G31: Bath EF-15 | I31: MS-VMA1630-0 | J31: NAE-1 | X31: Bathroom Exhuast | Y31: VAV-SD-RH-EF-Hum
A32: JCI University/Training/Floor 1 | B32: F1M11 | C32: Classroom 01 | D32: VAV-16-RH | E32: VAV-16-RH | G32: VAV-SD-RH-16 | H32: AHU-MASP-1&&Chiller Plant&&Hot Water Plant | I32: MS-VMA1630-0 | J32: NAE-1 | X32: VAV Boxes - Single Duct | Y32: VAV-SD-RH | Z32: 1.05 | AA32: 2.9 | AB32: 1860 | AC32: 145 | AD32: 1300
A33: JCI University/Training/Floor 1 | B33: F1M12 | C33: Classroom 02 | D33: VAV-17-RH | E33: VAV-17-RH | G33: VAV-SD-RH-17 | H33: AHU-MASP-1&&Chiller Plant&&Hot Water Plant | I33: MS-VMA1630-0 | J33: NAE-1 | X33: VAV Boxes - Single Duct | Y33: VAV-SD-RH | Z33: 0.769 | AA33: 2.92 | AB33: 1350 | AC33: 115 | AD33: 990
A34: JCI University/Training/Floor 1 | B34: F1M13 | C34: Classroom 03 | D34: VAV-18-RH | E34: VAV-18-RH | G34: VAV-SD-RH-18 | H34: AHU-MASP-1&&Chiller Plant&&Hot Water Plant | I34: MS-VMA1630-0 | J34: NAE-1 | X34: VAV Boxes - Single Duct | Y34: VAV-SD-RH | Z34: 1.05 | AA34: 2.9 | AB34: 1650 | AC34: 125 | AD34: 1155
A35: JCI University/Training/Floor 1 | B35: F1M14 | C35: Classroom 04 | D35: VAV-19-RH | E35: VAV-19-RH | G35: VAV-SD-RH-19 | H35: AHU-MASP-1&&Chiller Plant&&Hot Water Plant | I35: MS-VMA1630-0 | J35: NAE-1 | X35: VAV Boxes - Single Duct | Y35: VAV-SD-RH | Z35: 1.05 | AA35: 2.9 | AB35: 1650 | AC35: 135 | AD35: 1200
A36: JCI University/Training/Floor 1 | B36: F1M15 | C36: Classroom 05 | D36: VAV-20-RH | E36: VAV-20-RH | G36: VAV-SD-RH-20 | H36: AHU-MASP-1&&Chiller Plant&&Hot Water Plant | I36: MS-VMA1630-0 | J36: NAE-1 | X36: VAV Boxes - Single Duct | Y36: VAV-SD-RH | Z36: 0.532 | AA36: 2.48 | AB36: 800 | AC36: 105 | AD36: 700
A37: JCI University/Training/Floor 1 | B37: F1M16 | C37: Storage | D37: VAV-21-CLG | E37: VAV-21CLG | G37: VAV-SD-CLG-21 | H37: AHU-MASP-1*Chiller Plant | I37: MS-VMA1630-0 | J37: NAE-1 | X37: VAV Boxes - Single Duct | Y37: VAV-SD-CLG | Z37: 0.532 | AA37: 2.48 | AB37: 800 | AC37: 110 | AD37: 460
A38: JCI University/Training/Floor 2 | B38: F2M01 | C38: Elevator Lobby | D38: VAV-08-RH | E38: VAV-08-RH | G38: VAV-SD-RH-8 | H38: AHU-MASP-1&&Chiller Plant&&Hot Water Plant | I38: MS-VMA1630-0 | J38: NAE-1 | X38: VAV Boxes - Single Duct | Y38: VAV-SD-RH | Z38: 1.05 | AA38: 2.9 | AB38: 1520 | AC38: 130 | AD38: 1065
A39: JCI University/Training/Floor 2 | B39: F2M02 | C39: Large Conference Room | D39: VAV-09-RH | E39: VAV-09-RH | G39: VAV-SD-RH-9 | H39: AHU-MASP-1&&Chiller Plant&&Hot Water Plant | I39: MS-VMA1630-0 | J39: NAE-1 | X39: VAV Boxes - Single Duct | Y39: VAV-SD-RH | Z39: 1.05 | AA39: 2.9 | AB39: 1500 | AC39: 125 | AD39: 1050
A40: JCI University/Training/Floor 2 | B40: F2M03 | C40: Breakout Room 01 | D40: VAV-10-RH | E40: VAV-10-RH | G40: VAV-SD-RH-10 | H40: AHU-MASP-1&&Chiller Plant&&Hot Water Plant | I40: MS-VMA1630-0 | J40: NAE-1 | X40: VAV Boxes - Single Duct | Y40: VAV-SD-RH | Z40: 1.375 | AA40: 2.69 | AB40: 2100 | AC40: 155 | AD40: 1400
A41: JCI University/Training/Floor 2 | B41: F2M03 | C41: Multipurpose 01&&Multipurpose 02 | D41: VAV-11-RH | E41: VAV-11-RH | G41: VAV-SD-RH-11 | H41: AHU-MASP-1&&Chiller Plant&&Hot Water Plant | I41: MS-VMA1630-0 | J41: NAE-1 | X41: VAV Boxes - Single Duct | Y41: VAV-SD-RH | Z41: 1.375 | AA41: 2.69 | AB41: 2100 | AC41: 155 | AD41: 1400

Sheet Merged Site Examples
A1: RAC-4096 | B1: RAC-4112 | C1: RAC-4128 | D1: RAC-4144 | E1: RAC-4160 | F1: RAC-4166 | G1: RAC-4170 | H1: RAC-4176 | I1: RAC-4192 | J1: RAC-4208 | K1: RAC-4224 | L1: RAC-4240 | M1: RAC-4256 | N1: RAC-4272 | O1: RAC-4288 | P1: RAC-4304 | Q1: RAC-4311 | R1: RAC-4320 | S1: RAC-4336 | T1: RAC-4352 | U1: RAC-4368 | V1: RAC-4384 | W1: RAC-4400 | X1: RAC-4416 | Y1: RAC-4432 | Z1: RAC-4448
A2: v3
A3: Space Information | D3: All Items / Equipment Tree Information | J3: Network Information (MSTP and IP) All Data is Provided from the Export Depending on the Integration Types | X3: Definitions and Templates | Z3: Parameters
A4: Site/Building/Floor (Required) | B4: Room Number (Optional) | C4: Leaf Space (e.g. Room) (Required) | D4: Device Name (Provided) | E4: Device FQR Reference (Provided) | F4: Device Description (Provided) | G4: Equipment Name (Optional) | H4: Served By Equipment Name (Optional) | I4: Controller Part # (Optional) | J4: Engine Name (Provided) | K4: Trunk Name (Provided) | L4: Controller Host Name (Future) | M4: JCI MAC Address | N4: IP Controller Number | O4: ZIGBEE PAN Offset | P4: Instance # (BACoid) | Q4: N2Address | R4: DHCP Enabled | S4: IP Address | T4: Subnet Mask | U4: IP Router | V4: ETH-1 (Optional) | W4: ETH-2 (Optional) | X4: Equipment Definition Name (Required) | Y4: Controller Template Name (Not Used)
D5: Attribute ID
D6: Attribute Type
A7: Central Plant Examples (MSTP Network Information) - For Central Plant Space Information, a sites campus name is typically entered under the Site/Bldg./Floor column and a Building Name entered as the Leaf Space. - For All Items / Equipment Tree Information, the Device and Equipment Names can be simple but you do have the option to create a more unique FQR Reference name so the information displayed in SMP views is more detailed. - There are typically no Served By Equipment Names for Central Plants unless the boilers, chillers, pumps etc. are created as unique Equipment instances after the Plant System Equipment is created. - Remember to setup the Point Name Display attributes in the Controller Templates to match the desired Point Naming strategy for the site. - It is reccommended that you create unique names for the Equipment and Controller Templates for Central Plants because they are typically not reused on other plant systems.
A8: JCI University | C8: Training | D8: NCE-1-Integrated-04 | E8: Chiller Plant | G8: Chiller Plant | I8: NCE | J8: NCE-1 | K8: Field Bus MSTP1 | M8: 4 | X8: Chiller Plant-CPO-ED
A9: JCI University | C9: Training | D9: FAC-NCE-1-1-05 | E9: Hot Water Plant | G9: Hot Water Plant | I9: FAC-1632 | J9: NCE-1 | K9: Field Bus MSTP1 | M9: 5 | X9: HWS-ED
A10: Air Handling Unit Example (MSTP Network Information) - For AHU Space Information, a floor or building becomes the Leaf Space. - For All Items / Equipment Tree Information, the Device and Equipment Names can be simple but you do have the option to create a more unique FQR Reference name so the information displayed in SMP views is more detailed. - You have the option to add 1 Served By Equipment Name in the template for one of the Central Plants. Other Central Plants serving the AHUs will have to be added manaually after the Rapid Archive Process is performed. - Remember to setup the Point Name Display attributes in the Controller Template to match the desired Point Naming strategy for the site. - It is reccommended that you try to reuse a common Equipment Definition for all AHUs of the same basic Mechanical Equipment Type even if the Controller Templates / CAF Files for each AHU may be slightly different.
A11: JCI University/Training | C11: Floor 1 | D11: FAC-NAE1-1-06-MASP | E11: FAC-NAE1-1-06-MASP | G11: AHU-MASP-1 | H11: Chiller Plant &&Hot Water Plant | I11: FAC-1632 | J11: NAE-1 | K11: Field Bus MSTP1 | M11: 6 | X11: AHU-MASD-ED
A12: JCI University/Training | C12: Floor 2 | D12: FAC-NAE1-2-06-MASP | E12: FAC-NAE1-2-06-MASP | G12: AHU-MASP-2 | H12: Chiller Plant &&Hot Water Plant | I12: FAC-1632 | J12: NAE-1 | K12: Field Bus MSTP2 | M12: 6 | X12: AHU-MASD-ED
A13: Terminal Unit Examples (MSTP Integrations) - For Terminal Unit Space Information, a Room is typically the Leaf Space. - An Optional Room Number can be added as a reference from the mechanical plans until the official Room names are known. - You have the option to add 1 Served By Equipment Name in the template. For VAV Boxes, this is typically an AHU and for Fan Coils it could be a Heating or Cooling Central Plan. Other serving relationships will have to be added manaually after the Rapid Archive Process is performed. - Remember to setup the Point Name Display attributes in the Controller Template to match the desired Point Naming strategy for the site.
A14: JCI University/Training/Floor 1 | B14: F1M04 | C14: Breakout Room 01 | D14: VAV-11-RH | E14: VAV-11-RH | G14: VAV-SD-RH-11 | H14: AHU-MASP-1&&Chiller Plant&&Hot Water Plant | I14: MS-VMA1630-0 | J14: NAE-1 | K14: Field Bus MSTP1 | M14: 11 | X14: VAV Boxes - Single Duct
A15: JCI University/Training/Floor 1 | B15: F1M05 | C15: Breakout Room 02 | D15: VAV-12-RH | E15: VAV-12-RH | G15: VAV-SD-RH-12 | H15: AHU-MASP-1&&Chiller Plant&&Hot Water Plant | I15: MS-VMA1630-0 | J15: NAE-1 | K15: Field Bus MSTP1 | M15: 12 | X15: VAV Boxes - Single Duct
A16: JCI University/Training/Floor 1 | B16: F1M06 | C16: Breakout Room 03 | D16: VAV-13-RH | E16: VAV-13-RH | G16: VAV-SD-RH-13 | H16: AHU-MASP-1&&Chiller Plant&&Hot Water Plant | I16: MS-VMA1630-0 | J16: NAE-1 | K16: Field Bus MSTP1 | M16: 13 | X16: VAV Boxes - Single Duct
A17: JCI University/Training/Floor 1 | B17: F1M07 | C17: Mens Bathroom | D17: VAV-14-RH EF | E17: VAV-14-RH EF | G17: VAV-SD-RH-14 | H17: AHU-MASP-1&&Chiller Plant&&Hot Water Plant | I17: MS-VMA1630-0 | J17: NAE-1 | K17: Field Bus MSTP1 | M17: 14 | X17: VAV Boxes - Single Duct
A18: JCI University/Training/Floor 1 | B18: F1M07 | C18: Mens Bathroom | D18: VAV-14-RH EF | E18: VAV-14-RH EF | G18: Bath EF-14 | I18: MS-VMA1630-0 | J18: NAE-1 | K18: Field Bus MSTP1 | M18: 14 | X18: Bathroom Exhuast
A19: JCI University/Training/Floor 1 | B19: F1M09 | C19: Womens Bathroom | D19: VAV-15-RH EF | E19: VAV-15-RH EF | G19: VAV-SD-RH-EF-Hum-15 | H19: AHU-MASP-1&&Chiller Plant&&Hot Water Plant | I19: MS-VMA1630-0 | J19: NAE-1 | K19: Field Bus MSTP1 | M19: 15 | X19: VAV Boxes - Single Duct
A20: JCI University/Training/Floor 1 | B20: F1M09 | C20: Womens Bathroom | D20: VAV-15-RH EF | E20: VAV-15-RH EF | G20: Bath EF-15 | I20: MS-VMA1630-0 | J20: NAE-1 | K20: Field Bus MSTP1 | M20: 15 | X20: Bathroom Exhuast
A21: VAV Boxes (IP Field Controllers) - For Terminal Unit Space Information, a Room is typically the Leaf Space. - An Optional Room Number can be added as a reference from the mechanical plans until the official Room names are known. - You have the option to add 1 Served By Equipment Name in the template. For VAV Boxes, this is typically an AHU and for Fan Coils it could be a Heating or Cooling Central Plan. Other serving relationships will have to be added manaually after the Rapid Archive Process is performed. - Remember to setup the Point Name Display attributes in the Controller Template to match the desired Point Naming strategy for the site.
A22: JCI University/Training/Floor 1 | B22: F1M01 | C22: Electrical Closet | D22: VAV-08-CLG | E22: VAV-08-CLG | G22: VAV-SD-CLG-08 | H22: AHU-MASP-1&&Chiller Plant | I22: MS-VMA1630-0 | J22: NAE-1 | X22: VAV Boxes - Single Duct
A23: JCI University/Training/Floor 1 | B23: F1M02 | C23: Reception | D23: VAV-09-RH | E23: VAV-09-RH | G23: VAV-SD-RH-09 | H23: AHU-MASP-1&&Chiller Plant&&Hot Water Plant | I23: MS-VMA1630-0 | J23: NAE-1 | X23: VAV Boxes - Single Duct
A24: JCI University/Training/Floor 1 | B24: F1M03 | C24: Large Conference Room | D24: VAV-10-RH | E24: VAV-10-RH | G24: VAV-SD-RH-10 | H24: AHU-MASP-1&&Chiller Plant&&Hot Water Plant | I24: MS-VMA1630-0 | J24: NAE-1 | X24: VAV Boxes - Single Duct
A25: JCI University/Training/Floor 1 | B25: F1M04 | C25: Breakout Room 01 | D25: VAV-11-RH | E25: VAV-11-RH | G25: VAV-SD-RH-11 | H25: AHU-MASP-1&&Chiller Plant&&Hot Water Plant | I25: MS-VMA1630-0 | J25: NAE-1 | X25: VAV Boxes - Single Duct
A26: JCI University/Training/Floor 1 | B26: F1M05 | C26: Breakout Room 02 | D26: VAV-12-RH | E26: VAV-12-RH | G26: VAV-SD-RH-12 | H26: AHU-MASP-1&&Chiller Plant&&Hot Water Plant | I26: MS-VMA1630-0 | J26: NAE-1 | X26: VAV Boxes - Single Duct
A27: JCI University/Training/Floor 1 | B27: F1M06 | C27: Breakout Room 03 | D27: VAV-13-RH | E27: VAV-13-RH | G27: VAV-SD-RH-13 | H27: AHU-MASP-1&&Chiller Plant&&Hot Water Plant | I27: MS-VMA1630-0 | J27: NAE-1 | X27: VAV Boxes - Single Duct
A28: JCI University/Training/Floor 1 | B28: F1M07 | C28: Mens Bathroom | D28: VAV-14-RH EF | E28: VAV-14-RH EF | G28: VAV-SD-RH-14 | H28: AHU-MASP-1&&Chiller Plant&&Hot Water Plant | I28: MS-VMA1630-0 | J28: NAE-1 | X28: VAV Boxes - Single Duct
A29: JCI University/Training/Floor 1 | B29: F1M07 | C29: Mens Bathroom | D29: VAV-14-RH EF | E29: VAV-14-RH EF | G29: Bath EF-14 | I29: MS-VMA1630-0 | J29: NAE-1 | X29: Bathroom Exhuast
A30: JCI University/Training/Floor 1 | B30: F1M09 | C30: Womens Bathroom | D30: VAV-15-RH EF | E30: VAV-15-RH EF | G30: VAV-SD-RH-15 | H30: AHU-MASP-1&&Chiller Plant&&Hot Water Plant | I30: MS-VMA1630-0 | J30: NAE-1 | X30: VAV Boxes - Single Duct
A31: JCI University/Training/Floor 1 | B31: F1M09 | C31: Womens Bathroom | D31: VAV-15-RH EF | E31: VAV-15-RH EF | G31: Bath EF-15 | I31: MS-VMA1630-0 | J31: NAE-1 | X31: Bathroom Exhuast
A32: JCI University/Training/Floor 1 | B32: F1M11 | C32: Classroom 01 | D32: VAV-16-RH | E32: VAV-16-RH | G32: VAV-SD-RH-16 | H32: AHU-MASP-1&&Chiller Plant&&Hot Water Plant | I32: MS-VMA1630-0 | J32: NAE-1 | X32: VAV Boxes - Single Duct
A33: JCI University/Training/Floor 1 | B33: F1M12 | C33: Classroom 02 | D33: VAV-17-RH | E33: VAV-17-RH | G33: VAV-SD-RH-17 | H33: AHU-MASP-1&&Chiller Plant&&Hot Water Plant | I33: MS-VMA1630-0 | J33: NAE-1 | X33: VAV Boxes - Single Duct
A34: JCI University/Training/Floor 1 | B34: F1M13 | C34: Classroom 03 | D34: VAV-18-RH | E34: VAV-18-RH | G34: VAV-SD-RH-18 | H34: AHU-MASP-1&&Chiller Plant&&Hot Water Plant | I34: MS-VMA1630-0 | J34: NAE-1 | X34: VAV Boxes - Single Duct
A35: JCI University/Training/Floor 1 | B35: F1M14 | C35: Classroom 04 | D35: VAV-19-RH | E35: VAV-19-RH | G35: VAV-SD-RH-19 | H35: AHU-MASP-1&&Chiller Plant&&Hot Water Plant | I35: MS-VMA1630-0 | J35: NAE-1 | X35: VAV Boxes - Single Duct
A36: JCI University/Training/Floor 1 | B36: F1M15 | C36: Classroom 05 | D36: VAV-20-RH | E36: VAV-20-RH | G36: VAV-SD-RH-20 | H36: AHU-MASP-1&&Chiller Plant&&Hot Water Plant | I36: MS-VMA1630-0 | J36: NAE-1 | X36: VAV Boxes - Single Duct
A37: JCI University/Training/Floor 1 | B37: F1M16 | C37: Storage | D37: VAV-21-CLG | E37: VAV-21CLG | G37: VAV-SD-CLG-21 | H37: AHU-MASP-1*Chiller Plant | I37: MS-VMA1630-0 | J37: NAE-1 | X37: VAV Boxes - Single Duct
A38: JCI University/Training/Floor 2 | B38: F2M01 | C38: Elevator Lobby | D38: VAV-08-RH | E38: VAV-08-RH | G38: VAV-SD-RH-8 | H38: AHU-MASP-1&&Chiller Plant&&Hot Water Plant | I38: MS-VMA1630-0 | J38: NAE-1 | X38: VAV Boxes - Single Duct
A39: JCI University/Training/Floor 2 | B39: F2M02 | C39: Large Conference Room | D39: VAV-09-RH | E39: VAV-09-RH | G39: VAV-SD-RH-9 | H39: AHU-MASP-1&&Chiller Plant&&Hot Water Plant | I39: MS-VMA1630-0 | J39: NAE-1 | X39: VAV Boxes - Single Duct
A40: JCI University/Training/Floor 2 | B40: F2M03 | C40: Breakout Room 01 | D40: VAV-10-RH | E40: VAV-10-RH | G40: VAV-SD-RH-10 | H40: AHU-MASP-1&&Chiller Plant&&Hot Water Plant | I40: MS-VMA1630-0 | J40: NAE-1 | X40: VAV Boxes - Single Duct
A41: JCI University/Training/Floor 2 | B41: F2M03 | C41: Multipurpose 01&&Multipurpose 02 | D41: VAV-11-RH | E41: VAV-11-RH | G41: VAV-SD-RH-11 | H41: AHU-MASP-1&&Chiller Plant&&Hot Water Plant | I41: MS-VMA1630-0 | J41: NAE-1 | X41: VAV Boxes - Single Duct

Sheet VAV SD Parms
A1: VAV Single Duct
A2: Balancer Override SD
A3: SA-AREA | B3: SA-KFACTOR | C3: CLG-MAXFLOW | D3: CLGOCC-MINFLOW | E3: HTGOCC-MINFLOW
A4: AV3111 | B4: AV3112 | C4: AV3108 | D4: AV3109 | E4: AV3110
A5: Default Value | B5: Default Value | C5: Default Value | D5: Default Value | E5: Default Value
A7: VAV Single Duct with Exhaust
A8: Balancer Override SDX
A9: SA-AREA | B9: SA-KFACTOR | C9: CLG-MAXFLOW | D9: CLGOCC-MINFLOW | E9: HTGOCC-MINFLOW | F9: EA-AREA | G9: EA-KFACTOR | H9: OCCEAFLOW-DIFF
A10: AV3116 | B10: AV3117 | C10: AV3113 | D10: AV3114 | E10: AV3115 | F10: AV3511 | G10: AV3512 | H10: AV3513
A11: Default Value | B11: Default Value | C11: Default Value | D11: Default Value | E11: Default Value | F11: Default Value | G11: Default Value | H11: Default Value
A13: VAV Damper | F13: Exhaust Damper
A15: Integrated Actuator
A16: DPR-O
A17: Hardware | B17: Hardware | C17: Hardware
A18: AO2131 | B18: AO2131 | C18: AO2131
A19: Polarity | B19: Effective Stroke Time | C19: Present Value
A21: Proportional Actuator | F21: Proportional Actuator
A22: DPR-O | F22: EAD-O
A23: Hardware | B23: Hardware | C23: Hardware | F23: Hardware | G23: Hardware | H23: Hardware
A24: AO2131 | B24: AO2131 | C24: AO2131 | F24: AO2038 | G24: AO2038 | H24: AO2038
A25: Min Out Value | B25: Max Out Value | C25: Present Value | F25: Min Out Value | G25: Max Out Value | H25: Present Value
A27: Incremental Actuator | F27: Incremental Actuator
A28: DPR-O | F28: EAD-O
A29: Hardware | B29: Hardware | C29: Hardware | F29: Hardware | G29: Hardware | H29: Hardware
A30: AO2030 | B30: AO2030 | C30: AO2030 | F30: AO2040 | G30: AO2040 | H30: AO2040
A31: Polarity | B31: Effective Stroke Time | C31: Present Value | F31: Polarity | G31: Effective Stroke Time | H31: Present Value
A33: Electric Heat
A34: Minimum Flow Determiniation
A35: HTG-MINFLOW
A36: AV3268
A37: Default Value

Sheet VAV DD Parms
A1: VAV Dual Duct
A2: Balancer Override DD
A3: CD-AREA | B3: CD-KFACTOR | C3: HD-AREA | D3: HD-KFACTOR | E3: CLG-MAXFLOW | F3: CDOCC-MINFLOW | G3: HTG-MAXFLOW | H3: HDOCC-MINFLOW
A4: AV3092 | B4: AV3093 | C4: AV3096 | D4: AV3097 | E4: AV3094 | F4: AV3098 | G4: AV3095 | H4: AV3099
A5: Default Value | B5: Default Value | C5: Default Value | D5: Default Value | E5: Default Value | F5: Default Value | G5: Default Value | H5: Default Value
A7: VAV Dual Duct with Exhaust
A8: Balancer Override DDX
A9: CD-AREA | B9: CD-KFACTOR | C9: HD-AREA | D9: HD-KFACTOR | E9: CLG-MAXFLOW | F9: CDOCC-MINFLOW | G9: HTG-MAXFLOW | H9: HDOCC-MINFLOW | I9: EA-AREA | J9: EA-KFACTOR | K9: OCCEAFLOW-DIFF
A10: AV3100 | B10: AV3101 | C10: AV3104 | D10: AV3105 | E10: AV3102 | F10: AV3106 | G10: AV3103 | H10: AV3107 | I10: AV3508 | J10: AV3509 | K10: AV3510
A11: Default Value | B11: Default Value | C11: Default Value | D11: Default Value | E11: Default Value | F11: Default Value | G11: Default Value | H11: Default Value | I11: Default Value | J11: Default Value | K11: Default Value
A13: Cold Deck Damper | E13: Hot Deck Damper | I13: Exhaust Damper
A15: Integrated Actuator | E15: Integrated Actuator
A16: CD-O | E16: HD-O
A17: Hardware | B17: Hardware | C17: Hardware | E17: Hardware | F17: Hardware | G17: Hardware
A18: AO2019 | B18: AO2019 | C18: AO2019 | E18: AO2069 | F18: AO2069 | G18: AO2069
A19: Polarity | B19: Effective Stroke Time | C19: Present Value | E19: Polarity | F19: Effective Stroke Time | G19: Present Value
A21: Proportional Actuator | E21: Proportional Actuator | I21: Proportional Actuator
A22: CD-O | E22: HD-O | I22: EAD-O
A23: Hardware | B23: Hardware | C23: Hardware | E23: Hardware | F23: Hardware | G23: Hardware | I23: Hardware | J23: Hardware | K23: Hardware
A24: AO2018 | B24: AO2018 | C24: AO2018 | E24: AO2068 | F24: AO2068 | G24: AO2068 | I24: AO2038 | J24: AO2038 | K24: AO2038
A25: Min Out Value | B25: Max Out Value | C25: Present Value | E25: Min Out Value | F25: Max Out Value | G25: Present Value | I25: Min Out Value | J25: Max Out Value | K25: Present Value
A27: Incremental Actuator | E27: Incremental Actuator | I27: Incremental Actuator
A28: CD-O | E28: HD-O | I28: EAD-O
A29: Hardware | B29: Hardware | C29: Hardware | E29: Hardware | F29: Hardware | G29: Hardware | I29: Hardware | J29: Hardware | K29: Hardware
A30: AO2019 | B30: AO2019 | C30: AO2019 | E30: AO2069 | F30: AO2069 | G30: AO2069 | I30: AO2040 | J30: AO2040 | K30: AO2040
A31: Polarity | B31: Effective Stroke Time | C31: Present Value | E31: Polarity | F31: Effective Stroke Time | G31: Present Value | I31: Polarity | J31: Effective Stroke Time | K31: Present Value

Sheet Heating Valves Parms
A1: Box Heating Valve | E1: Supplemental Heating Valve
A3: Proportional Actuator | E3: Proportional Actuator
A4: HTG-O | E4: SUPHTG-O
A5: Hardware | B5: Hardware | C5: Hardware | E5: Hardware | F5: Hardware | G5: Hardware
A6: AO2014 | B6: AO2014 | C6: AO2014 | E6: AO2127 | F6: AO2127 | G6: AO2127
A7: Min Out Value | B7: Max Out Value | C7: Present Value | E7: Min Out Value | F7: Max Out Value | G7: Present Value
A9: Incremental Actuator | E9: Incremental Actuator
A10: HTG-O | E10: SUPHTG-O
A11: Hardware | B11: Hardware | C11: Hardware | E11: Hardware | F11: Hardware | G11: Hardware
A12: AO2015 | B12: AO2015 | C12: AO2015 | E12: AO2129 | F12: AO2129 | G12: AO2129
A13: Polarity | B13: Effective Stroke Time | C13: Present Value | E13: Polarity | F13: Effective Stroke Time | G13: Present Value

Sheet Misc Parms
A1: Miscellaneous Parameters
A3: Network Inputs/Outputs | C3: Supply Damper Control v51
A4: OCC-SCHEDULE | C4: SAFLOW-SP
A5: MV59 | C5: AV3384
A6: Default Value | C6: Default Value
A8: Supply Flow Calculation | C8: DA-VP
A9: SA-F | C9: Hardware
A10: AV3515 | C10: AI1094
A11: Present Value | C11: Present Value
A13: DA-T | C13: ZN-T
A14: Hardware | C14: Hardware
A15: AI1019 | C15: AI1106
A16: Present Value | C16: Present Value

Sheet Area & K-Factors
V1: Anemostat
D2: Generic VAV Box | V2: Carnes Cross-Flow
D3: If you have an unknown manufacture, or the manufacturre is not listed in this sheet, use the K Factors below. | V3: Carnes Standard
B4: VAV Box Duct Size | D4: Area | E4: Average K Factor | V4: Carrier
B5: 4 | D5: =(PI()*(B5/2)^2)/144 -> 0.087266463 | E5: =AVERAGE(E26,G26,I26,K26,M26,O26,E48,G48,I48,K48,M48,O48,E70,G70,I70,K70) -> 1.9955556 | V5: EH Price
B6: 5 | D6: =(PI()*(B6/2)^2)/144 -> 0.13635385 | E6: =AVERAGE(E27,G27,I27,K27,M27,O27,E49,G49,I49,K49,M49,O49,E71,G71,I71,K71) -> 2.1564286 | V6: Enviromental Tech 45
B7: 6 | D7: =(PI()*(B7/2)^2)/144 -> 0.19634954 | E7: =AVERAGE(E28,G28,I28,K28,M28,O28,E50,G50,I50,K50,M50,O50,E72,G72,I72,K72) -> 2.391875 | V7: Enviromental Tech 90
B8: 7 | D8: =(PI()*(B8/2)^2)/144 -> 0.26725354 | E8: =AVERAGE(E29,G29,I29,K29,M29,O29,E51,G51,I51,K51,M51,O51,E73,G73,I73,K73) -> 2.3854545 | V8: Krueger
B9: 8 | D9: =(PI()*(B9/2)^2)/144 -> 0.34906585 | E9: =AVERAGE(E30,G30,I30,K30,M30,O30,E52,G52,I52,K52,M52,O52,E74,G74,I74,K74) -> 2.1875 | V9: Metal Industries
B10: 9 | D10: =(PI()*(B10/2)^2)/144 -> 0.44178647 | E10: =AVERAGE(E31,G31,I31,K31,M31,O31,E53,G53,I53,K53,M53,O53,E75,G75,I75,K75) -> 2.3 | V10: Nailor
B11: 10 | D11: =(PI()*(B11/2)^2)/144 -> 0.54541539 | E11: =AVERAGE(E32,G32,I32,K32,M32,O32,E54,G54,I54,K54,M54,O54,E76,G76,I76,K76) -> 2.1825 | V11: Other
B12: 12 | D12: =(PI()*(B12/2)^2)/144 -> 0.78539816 | E12: =AVERAGE(E33,G33,I33,K33,M33,O33,E55,G55,I55,K55,M55,O55,E77,G77,I77,K77) -> 2.36375 | V12: Redd-i
B13: 14 | D13: =(PI()*(B13/2)^2)/144 -> 1.0690142 | E13: =AVERAGE(E34,G34,I34,K34,M34,O34,E56,G56,I56,K56,M56,O56,E78,G78,I78,K78) -> 2.2575 | V13: Temperature Industries
B14: 16 | D14: =(PI()*(B14/2)^2)/144 -> 1.3962634 | E14: =AVERAGE(E35,G35,I35,K35,M35,O35,E57,G57,I57,K57,M57,O57,E79,G79,I79,K79) -> 2.2 | V14: Tempmaster (York)
B15: 18 | D15: =(PI()*(B15/2)^2)/144 -> 1.7671459 | E15: =AVERAGE(E36,G36,I36,K36,M36,O36,E58,G58,I58,K58,M58,O58,E80,G80,I80,K80) -> 2.068 | V15: Titus
B16: 19 | D16: =(PI()*(B16/2)^2)/144 -> 1.9689496 | E16: =AVERAGE(E37,G37,I37,K37,M37,O37,E59,G59,I59,K59,M59,O59,E81,G81,I81,K81) -> 2.92 | V16: Tuttle and Bailey
B17: 20 | D17: =(PI()*(B17/2)^2)/144 -> 2.1816616 | E17: =AVERAGE(E38,G38,I38,K38,M38,O38,E60,G60,I60,K60,M60,O60,E82,G82,I82,K82) -> 1.825 | V17: VariTrane F-Style
B18: 22 | D18: =(PI()*(B18/2)^2)/144 -> 2.6398105 | E18: =AVERAGE(E39,G39,I39,K39,M39,O39,E61,G61,I61,K61,M61,O61,E83,G83,I83,K83) -> 2.3166667
B19: 24 | D19: =(PI()*(B19/2)^2)/144 -> 3.1415927 | E19: =AVERAGE(E40,G40,I40,K40,M40,O40,E62,G62,I62,K62,M62,O62,E84,G84,I84,K84) -> 1.75
B20: 26 | D20: =(PI()*(B20/2)^2)/144 -> 3.687008 | E20: =AVERAGE(E41,G41,I41,K41,M41,O41,E63,G63,I63,K63,M63,O63,E85,G85,I85,K85) -> 2.57
B21: 30 | D21: =(PI()*(B21/2)^2)/144 -> 4.9087385 | E21: =AVERAGE(E42,G42,I42,K42,M42,O42,E64,G64,I64,K64,M64,O64,E86,G86,I86,K86) -> 3
B22: 40 | D22: =(PI()*(B22/2)^2)/144 -> 8.7266463 | E22: =AVERAGE(E43,G43,I43,K43,M43,O43,E65,G65,I65,K65,M65,O65,E87,G87,I87,K87) -> 2.22
D23: Anemostat | F23: Carnes Standard | H23: Carnes Cross-Flow | J23: Carrier | L23: EH Price SD/FP/DD Inlet Boxes | N23: Environmental Tech. 45 deg travel (Largo)
B24: VAV Box Duct Size
D25: Area | E25: K Factor | F25: Area | G25: K Factor | H25: Area | I25: K Factor | J25: Area | K25: K Factor | L25: Area | M25: K Factor | N25: Area | O25: K Factor
B26: 4 | D26: n/a | E26: n/a | F26: n/a | G26: n/a | H26: n/a | I26: n/a | J26: 0.09 | K26: 2.26 | L26: 0.09 | M26: 1 | N26: 0.09 | O26: 1.71
B27: 5 | D27: 0.13 | E27: 3.28 | F27: 0.13 | G27: 2.42 | H27: 0.13 | I27: 2.42 | J27: 0.14 | K27: 2.26 | L27: 0.14 | M27: 1.47 | N27: 0.14 | O27: 1.69
B28: 6 | D28: 0.19 | E28: 2.58 | F28: 0.19 | G28: 2.37 | H28: 0.19 | I28: 2.37 | J28: 0.2 | K28: 2.45 | L28: 0.2 | M28: 2.8 | N28: 0.2 | O28: 1.67
B29: 7 | D29: 0.26 | E29: 2.85 | F29: 0.26 | G29: 2.4 | H29: 0.26 | I29: 2.4 | J29: 0.27 | K29: 2.27 | L29: 0.27 | M29: 2.34 | N29: n/a | O29: n/a
B30: 8 | D30: 0.34 | E30: 2.44 | F30: 0.34 | G30: 2.2 | H30: 0.34 | I30: 2.2 | J30: 0.35 | K30: 2.27 | L30: 0.35 | M30: 2.24 | N30: 0.35 | O30: 1.61
B31: 9 | D31: 0.43 | E31: 2.46 | F31: n/a | G31: n/a | H31: n/a | I31: n/a | J31: 0.44 | K31: 2.27 | L31: 0.44 | M31: 2.21 | N31: n/a | O31: n/a
B32: 10 | D32: 0.53 | E32: 2.48 | F32: 0.53 | G32: 2.1 | H32: 0.53 | I32: 2.1 | J32: 0.55 | K32: 2.27 | L32: 0.55 | M32: 1.96 | N32: 0.52 | O32: 1.63
B33: 12 | D33: 0.77 | E33: 2.92 | F33: 0.77 | G33: 2 | H33: 0.77 | I33: 2 | J33: 0.79 | K33: 2.27 | L33: 0.79 | M33: 2.03 | N33: 0.69 | O33: 1.61
B34: 14 | D34: 1.05 | E34: 2.9 | F34: 1.05 | G34: 2 | H34: 1.05 | I34: 2 | J34: 1.07 | K34: 2.27 | L34: 1.07 | M34: 1.97 | N34: 0.86 | O34: 1.59
B35: 16 | D35: 1.38 | E35: 2.69 | F35: 1.37 | G35: 1.8 | H35: 1.37 | I35: 1.8 | J35: 1.4 | K35: 2.27 | L35: 1.4 | M35: 1.94 | N35: 1.04 | O35: 1.61
B36: 18 | D36: n/a | E36: n/a | F36: n/a | G36: n/a | H36: n/a | I36: n/a | J36: n/a | K36: n/a | L36: n/a | M36: n/a | N36: 1.21 | O36: 1.59
B37: 19 | D37: n/a | E37: n/a | F37: n/a | G37: n/a | H37: n/a | I37: n/a | J37: n/a | K37: n/a | L37: n/a | M37: n/a | N37: n/a | O37: n/a
B38: 20 | D38: n/a | E38: n/a | F38: n/a | G38: n/a | H38: n/a | I38: n/a | J38: n/a | K38: n/a | L38: n/a | M38: n/a | N38: 1.47 | O38: 1.61
B39: 22 | D39: n/a | E39: n/a | F39: n/a | G39: n/a | H39: n/a | I39: n/a | J39: 2.64 | K39: 2.13 | L39: n/a | M39: n/a | N39: 1.83 | O39: 1.6
B40: 24 | D40: n/a | E40: n/a | F40: n/a | G40: n/a | H40: n/a | I40: n/a | J40: n/a | K40: n/a | L40: n/a | M40: n/a | N40: n/a | O40: n/a
B41: 26 | D41: n/a | E41: n/a | F41: n/a | G41: n/a | H41: n/a | I41: n/a | J41: n/a | K41: n/a | L41: n/a | M41: n/a | N41: n/a | O41: n/a
B42: 30 | D42: n/a | E42: n/a | F42: n/a | G42: n/a | H42: n/a | I42: n/a | J42: n/a | K42: n/a | L42: n/a | M42: n/a | N42: n/a | O42: n/a
B43: 40 | D43: n/a | E43: n/a | F43: n/a | G43: n/a | H43: n/a | I43: n/a | J43: n/a | K43: n/a | L43: n/a | M43: n/a | N43: n/a | O43: n/a
D45: EnviroTech 90deg Travel (Largo) | F45: Krueger | H45: Metal Industries | J45: Nailor | L45: Redd-i | N45: Temperature Industries
B46: VAV Box Duct Size
D47: Area | E47: K Factor | F47: Area | G47: K Factor | H47: Area | I47: K Factor | J47: Area | K47: K Factor | L47: Area | M47: K Factor | N47: Area | O47: K Factor
B48: 4 | D48: 0.08 | E48: 1.63 | F48: 0.09 | G48: 2.32 | H48: n/a | I48: n/a | J48: 0.09 | K48: 2.92 | L48: n/a | M48: n/a | N48: n/a | O48: n/a
B49: 5 | D49: 0.13 | E49: 1.66 | F49: 0.14 | G49: 2.31 | H49: n/a | I49: n/a | J49: 0.14 | K49: 2.99 | L49: n/a | M49: n/a | N49: 0.14 | O49: 1.62
B50: 6 | D50: 0.18 | E50: 2.9 | F50: 0.2 | G50: 2.32 | H50: 0.18 | I50: 1.5 | J50: 0.2 | K50: 3.08 | L50: 0.2 | M50: 2.39 | N50: 0.2 | O50: 1.78
B51: 7 | D51: n/a | E51: n/a | F51: 0.27 | G51: 2.32 | H51: n/a | I51: n/a | J51: 0.27 | K51: 2.85 | L51: n/a | M51: n/a | N51: 0.27 | O51: 1.62
B52: 8 | D52: 0.33 | E52: 2.52 | F52: 0.35 | G52: 2.33 | H52: 0.33 | I52: 1.46 | J52: 0.35 | K52: 2.65 | L52: 0.35 | M52: 2.89 | N52: 0.35 | O52: 1.36
B53: 9 | D53: n/a | E53: n/a | F53: 0.44 | G53: 2.33 | H53: n/a | I53: n/a | J53: 0.44 | K53: 2.23 | L53: n/a | M53: n/a | N53: n/a | O53: n/a
B54: 10 | D54: 0.53 | E54: 2.41 | F54: 0.55 | G54: 2.32 | H54: 0.52 | I54: 1.52 | J54: 0.55 | K54: 2.42 | L54: 0.55 | M54: 2.98 | N54: 0.55 | O54: 1.68
B55: 12 | D55: 0.76 | E55: 2.38 | F55: 0.79 | G55: 2.32 | H55: 0.76 | I55: 1.48 | J55: 0.79 | K55: 2.52 | L55: 0.79 | M55: 2.79 | N55: 0.79 | O55: 2.77
B56: 14 | D56: 1.04 | E56: 2.29 | F56: 1.07 | G56: 2.33 | H56: 1.04 | I56: 1.69 | J56: 1.07 | K56: 2.35 | L56: 1.07 | M56: 2.65 | N56: 1.07 | O56: 2.43
B57: 16 | D57: 1.36 | E57: 2.29 | F57: 1.4 | G57: 2.33 | H57: 1.36 | I57: 1.54 | J57: 1.4 | K57: 2.34 | L57: 1.4 | M57: 2.51 | N57: 1.4 | O57: 2.89
B58: 18 | D58: 1.74 | E58: 2.43 | F58: n/a | G58: n/a | H58: n/a | I58: n/a | J58: n/a | K58: n/a | L58: n/a | M58: n/a | N58: 1.77 | O58: 1.66
B59: 19 | D59: 2.72 | E59: 2.92 | F59: n/a | G59: n/a | H59: n/a | I59: n/a | J59: n/a | K59: n/a | L59: n/a | M59: n/a | N59: n/a | O59: n/a
B60: 20 | D60: n/a | E60: n/a | F60: n/a | G60: n/a | H60: n/a | I60: n/a | J60: n/a | K60: n/a | L60: n/a | M60: n/a | N60: 2.18 | O60: 1.75
B61: 22 | D61: 3.55 | E61: 2.65 | F61: 2.67 | G61: 2.33 | H61: n/a | I61: n/a | J61: n/a | K61: n/a | L61: n/a | M61: n/a | N61: n/a | O61: n/a
B62: 24 | D62: n/a | E62: n/a | F62: n/a | G62: n/a | H62: n/a | I62: n/a | J62: n/a | K62: n/a | L62: n/a | M62: n/a | N62: 3.14 | O62: 1.75
B63: 26 | D63: n/a | E63: n/a | F63: n/a | G63: n/a | H63: n/a | I63: n/a | J63: n/a | K63: n/a | L63: n/a | M63: n/a | N63: n/a | O63: n/a
B64: 30 | D64: n/a | E64: n/a | F64: n/a | G64: n/a | H64: n/a | I64: n/a | J64: n/a | K64: n/a | L64: n/a | M64: n/a | N64: n/a | O64: n/a
B65: 40 | D65: n/a | E65: n/a | F65: n/a | G65: n/a | H65: n/a | I65: n/a | J65: n/a | K65: n/a | L65: n/a | M65: n/a | N65: n/a | O65: n/a
D67: Tempmaster (York) | F67: Titus | H67: Tuttle and Bailey | J67: VariTrane F-Style Boxes
B69: VAV Box Duct Size | D69: Area | E69: K Factor | F69: Area | G69: K Factor | H69: Area | I69: K Factor | J69: Area | K69: K Factor
B70: 4 | D70: n/a | E70: n/a | F70: 0.09 | G70: 1.63 | H70: 0.09 | I70: 2.8 | J70: 0.09 | K70: 1.69
B71: 5 | D71: 0.14 | E71: 1.62 | F71: 0.14 | G71: 1.95 | H71: 0.14 | I71: 3 | J71: 0.14 | K71: 1.5
B72: 6 | D72: 0.2 | E72: 1.78 | F72: 0.2 | G72: 3.07 | H72: 0.2 | I72: 2.9 | J72: 0.2 | K72: 2.31
B73: 7 | D73: 0.27 | E73: 1.62 | F73: 0.27 | G73: 2.57 | H73: 0.27 | I73: 3 | J73: n/a | K73: n/a
B74: 8 | D74: 0.35 | E74: 1.36 | F74: 0.35 | G74: 2.39 | H74: 0.35 | I74: 2.9 | J74: 0.35 | K74: 2.18
B75: 9 | D75: n/a | E75: n/a | F75: 0.44 | G75: 2.3 | H75: n/a | I75: n/a | J75: n/a | K75: n/a
B76: 10 | D76: 0.55 | E76: 1.68 | F76: 0.55 | G76: 2.31 | H76: 0.55 | I76: 3 | J76: 0.55 | K76: 2.06
B77: 12 | D77: 0.79 | E77: 2.77 | F77: 0.79 | G77: 2.76 | H77: 0.79 | I77: 3 | J77: 0.79 | K77: 2.2
B78: 14 | D78: 1.07 | E78: 2.43 | F78: 1.07 | G78: 2.02 | H78: 1.07 | I78: 3 | J78: 1.07 | K78: 2.2
B79: 16 | D79: 1.4 | E79: 2.89 | F79: 1.4 | G79: 1.12 | H79: 1.4 | I79: 3 | J79: 1.4 | K79: 2.18
B80: 18 | D80: 1.77 | E80: 1.66 | F80: n/a | G80: n/a | H80: 2 | I80: 3 | J80: n/a | K80: n/a
B81: 19 | D81: n/a | E81: n/a | F81: n/a | G81: n/a | H81: n/a | I81: n/a | J81: n/a | K81: n/a
B82: 20 | D82: 2.18 | E82: 1.75 | F82: 0.78 | G82: 2.19 | H82: n/a | I82: n/a | J82: n/a | K82: n/a
B83: 22 | D83: n/a | E83: n/a | F83: 0.78 | G83: 2.19 | H83: 2.44 | I83: 3 | J83: n/a | K83: n/a
B84: 24 | D84: 3.14 | E84: 1.75 | F84: n/a | G84: n/a | H84: n/a | I84: n/a | J84: n/a | K84: n/a
B85: 26 | D85: n/a | E85: n/a | F85: 1 | G85: 2.57 | H85: n/a | I85: n/a | J85: n/a | K85: n/a
B86: 30 | D86: n/a | E86: n/a | F86: n/a | G86: n/a | H86: 3.33 | I86: 3 | J86: n/a | K86: n/a
B87: 40 | D87: n/a | E87: n/a | F87: 2.67 | G87: 2.22 | H87: n/a | I87: n/a | J87: n/a | K87: n/a
